algorithm,category,signal_length,batch_size,precision,iterations,duration_s,idle_power_w,idle_power_std_w,mean_power_w,power_std_w,delta_power_w,total_energy_j,delta_energy_j,energy_per_call_j,mean_temp_c,max_temp_c,mean_clock_mhz,time_per_call_us,power_samples,idle_samples,idle_temp_c,thermal_wait_s,thermal_timed_out
fft,transform,256,2048,fp32,350115,10.008259057998657,28.683399999999995,0.004465422712353833,73.26757788944721,14.11285249232287,44.58417788944722,733.2809000696822,446.2100022054836,0.0012744669671550307,49.25125628140704,51,2265,28.58563345757439,199,40,43.0,5.0061235427856445,False
fft,transform,1024,2048,fp32,210138,10.001312971115112,4.548500000000001,0.008500000000000174,114.43389447236177,38.90664263580024,109.88539447236177,1144.4891931216498,1098.9982210725327,0.005229888078655611,55.64824120603015,59,2175,47.59402378967685,199,40,45.0,6.008928298950195,False
fft,transform,4096,2048,fp32,46323,10.002601385116577,4.55955,0.008780518207941873,150.6885577889447,54.61452031853383,146.1290077889447,1507.2775768609176,1461.6702157154093,0.03155387638355481,57.05527638190955,61,2023,215.93164054824985,199,40,46.0,7.006249666213989,False
fft,transform,16384,2048,fp32,6087,10.003970384597778,4.65371794871795,0.013196636552737988,131.64078391959796,48.67048080466567,126.98706597088001,1316.9305037368936,1270.374847199648,0.20870294844745327,55.040201005025125,58,2144,1643.4976810576275,199,39,47.0,9.009280443191528,False
direct_dft,transform,256,512,fp32,246329,10.001428604125977,4.661666666666664,0.03033685524778053,93.9938944723618,29.392683880729265,89.33222780569514,940.0732247890778,893.4498984461773,0.0036270593330309355,54.98994974874372,58,2197,40.601912905609886,199,39,47.0,9.007344961166382,False
direct_dft,transform,512,512,fp32,128826,10.001919746398926,4.7355,0.07050000000000001,143.6081457286432,46.32085730468591,138.8726457286432,1436.3571485070509,1388.9930575479789,0.010781931112880776,61.58793969849246,66,2151,77.63898395043644,199,40,47.0,6.00480580329895,False
direct_dft,transform,1024,512,fp32,44539,10.000682353973389,4.7021749999999995,0.0077617250015702835,153.1794673366834,52.28176533986733,148.47729233668338,1531.8991959850125,1484.8742374372177,0.03333874216837418,63.618090452261306,68,1850,224.53764911590716,199,40,48.0,8.007519960403442,False
direct_dft,transform,2048,512,fp32,11582,10.001182079315186,4.72125,0.020185081124434318,154.55688442211053,50.46973214866011,149.83563442211053,1545.7515427172002,1498.5334618252334,0.12938468846703793,64.22613065326634,68,1773,863.5107994573636,199,40,48.0,9.008575677871704,False
dct,transform,256,2048,fp32,103894,10.004839420318604,4.756725,0.01654839493727414,50.40642211055277,16.326381771582795,45.649697110552765,504.3081589688776,456.7178891772626,0.004395998702304874,50.221105527638194,51,1827,96.29852946578823,199,40,48.0,9.007599353790283,False
dct,transform,1024,2048,fp32,79710,10.00390625,4.5853,0.011645170672858429,146.88105025125628,51.793492032611084,142.2957502512563,1469.3842566151068,1423.5133452869818,0.017858654438426567,57.5678391959799,61,2142,125.50377932505332,199,40,47.0,5.005609035491943,False
dct,transform,4096,2048,fp32,11928,10.00822401046753,4.8569,0.02135860482334936,134.05427135678394,44.09171508848293,129.19737135678395,1341.6451772986945,1293.0362341022549,0.10840344014941775,56.04522613065327,59,2186,839.0529854516708,199,40,48.0,9.0073881149292,False
dct,transform,16384,1024,fp32,4248,10.008968353271484,4.8693333333333335,0.03831270347891483,124.07333668341711,43.83481678454793,119.20400335008378,1241.8461003491198,1193.1090971142567,0.2808637234261433,54.969849246231156,58,2132,2356.1601584914038,199,39,48.0,9.008285760879517,False
dst,transform,256,2048,fp32,78277,10.009415626525879,4.9224000000000006,0.04095412067179568,81.30540201005026,28.07568312121381,76.38300201005026,813.8195614003656,764.5492139203548,0.009767226821676288,54.1356783919598,56,2196,127.87173277624179,199,40,48.0,8.007228374481201,False
dst,transform,1024,2048,fp32,43902,10.000733852386475,4.647538461538461,0.017994081867339723,153.88651256281406,51.234464739119844,149.2389741012756,1538.9780556126311,1492.4992603900553,0.03399615644822685,58.221105527638194,61,1914,227.7967712720713,199,39,47.0,8.009592771530151,False
dst,transform,4096,1024,fp32,5024,10.006301403045654,4.8835,0.031116715765003092,141.3635326633166,51.20540298996299,136.4800326633166,1414.526115228435,1365.6603423266615,0.2718272974376317,57.175879396984925,60,2133,1991.7001200329726,199,40,48.0,9.007280111312866,False
dst,transform,16384,512,fp32,4727,10.002636909484863,4.741128205128204,0.01555499670265018,150.9961457286432,54.12416350215408,146.255017523515,1510.3596204552816,1462.9358364780664,0.30948505108484586,59.14572864321608,63,2109,2116.0645038047096,199,39,49.0,8.00613784790039,False
dwt_haar,transform,256,2048,fp32,257261,10.001837253570557,4.769846153846156,0.03985649801381251,43.471105527638194,12.299690261407086,38.70125937379204,434.79092272022865,387.08369776488996,0.0015046341954858683,50.02010050251256,51,1663,38.87817140402376,199,39,49.0,8.0080406665802,False
dwt_haar,transform,1024,2048,fp32,233247,10.000012636184692,4.6508,0.004589117562233681,92.77202010050252,31.118305245891534,88.12122010050251,927.7213732894054,881.2133145210377,0.0037780263605578534,55.015075376884425,57,2185,42.873060044436556,199,40,47.0,5.004092454910278,False
dwt_haar,transform,4096,2048,fp32,85642,10.00856328010559,4.6041,0.022980208876335256,146.25125125628142,49.9082408919794,141.64715125628143,1463.764902993115,1417.684476795181,0.0165536124424369,59.266331658291456,63,2153,116.8651278590597,199,40,47.0,8.008460521697998,False
dwt_haar,transform,16384,2048,fp32,12549,10.000787258148193,4.7410499999999995,0.03033393314425286,139.87344723618094,45.198631253300576,135.13239723618094,1398.844588872862,1351.4303564426184,0.10769227479820052,57.47738693467337,60,2208,796.9389798508402,199,40,48.0,9.010196447372437,False
dwt_db4,transform,256,2048,fp32,194311,10.000081062316895,4.73385,0.0009367496997597951,42.752090452261314,13.651192486496413,38.01824045226131,427.52437010611726,380.1854863692684,0.001956582418747618,50.03517587939699,51,1632,51.46430753954688,199,40,48.0,9.006714820861816,False
dwt_db4,transform,1024,2048,fp32,172960,10.000750303268433,4.682375,0.0168444167307748,100.42691457286433,33.375050974726115,95.74453957286434,1004.344496370886,957.5172331696195,0.00553606170889003,56.618090452261306,60,2176,57.82117427884154,199,40,47.0,5.004280090332031,False
dwt_db4,transform,4096,2048,fp32,61157,10.000179290771484,4.648825,0.023901765102184225,143.70285929648242,48.7816343408575,139.05403429648243,1437.054357561332,1390.5652740699113,0.022737630591263654,60.76381909547739,65,2156,163.51651145038971,199,40,48.0,7.005288124084473,False
dwt_db4,transform,16384,2048,fp32,12014,10.009689331054688,4.649999999999999,0.02467792535850614,151.59936683417087,53.38429179716191,146.94936683417086,1517.462564794646,1470.9175094052416,0.12243361989389392,59.36180904522613,63,2064,833.168747382611,199,40,48.0,10.008862257003784,False
stft,transform,256,2048,fp32,167489,10.000317811965942,4.746025,0.009540669525772346,86.02939195979899,27.398872995696507,81.28336695979898,860.3212607681775,812.8595024246417,0.004853211270140975,54.743718592964825,57,2170,59.70731099932498,199,40,49.0,8.005574941635132,False
stft,transform,1024,2048,fp32,115456,10.001429557800293,4.970325,0.020879879669193226,146.30409547738694,50.443756789628445,141.33377047738693,1463.2501049347738,1413.5397495679001,0.012243103429600022,60.49748743718593,64,1968,86.62546388061506,199,40,49.0,5.003208160400391,False
stft,transform,4096,2048,fp32,15467,10.000839710235596,4.984399999999999,0.019365949499056345,135.49594974874367,47.67693947039602,130.51154974874368,1355.0732748233224,1305.2250893716243,0.0843877344909565,58.85427135678392,62,2143,646.5920805738408,199,40,50.0,9.006428241729736,False
stft,transform,16384,1024,fp32,7848,10.00623607635498,5.066525,0.061863958610809996,135.36347236180907,48.302773420462444,130.29694736180906,1354.4788605674144,1303.7820153306598,0.16612920684641433,59.67336683417086,62,2144,1275.0045968851912,199,40,51.0,8.004225969314575,False
hilbert,transform,256,2048,fp32,159022,10.000947952270508,4.835275,0.014223198479948216,76.097702020202,25.562266950993102,71.262427020202,761.0491571914304,712.6918235815157,0.004481718401111266,54.888888888888886,56,2184,62.89034191665623,198,40,50.0,10.010976076126099,False
hilbert,transform,1024,2048,fp32,80195,10.007652759552002,4.785875,0.004512136411944928,146.988391959799,51.749413604010336,142.202516959799,1471.008786418594,1423.1134112679729,0.017745662588290703,59.10552763819096,63,2149,124.7914802612632,199,40,48.0,8.007222890853882,False
hilbert,transform,4096,2048,fp32,9651,10.001121997833252,4.83275,0.001984313483298518,128.43655778894475,46.455416165188225,123.60380778894475,1284.509683428997,1236.1767610939685,0.12808794540399632,56.80904522613066,60,2121,1036.2783129036632,199,40,49.0,9.008458852767944,False
hilbert,transform,16384,512,fp32,9045,10.000343084335327,7.081999999999999,1.7679999999999998,131.21790452261308,43.802074871530756,124.13590452261309,1312.224064033687,1241.4016343104242,0.13724727853072682,58.20100502512563,61,2185,1105.621125962999,199,40,50.0,6.003555059432983,False
fir_direct,filter,256,2048,fp32,193369,10.000703811645508,5.021775000000001,0.017947823684224113,117.66433668341706,41.47780281662331,112.64256168341706,1176.7261803645893,1126.5048959808632,0.005825674725425809,62.231155778894475,66,2206,51.7182372130254,199,40,51.0,8.0034019947052,False
fir_direct,filter,1024,2048,fp32,64731,10.002397298812866,4.86625,0.009350802104632357,141.54440201005025,49.39534805644436,136.67815201005024,1415.783344327409,1367.1091784720609,0.02111985259724183,64.76884422110552,69,2156,154.5225208758225,199,40,50.0,10.006482362747192,False
fir_direct,filter,4096,2048,fp32,18141,10.002503395080566,4.8252749999999995,0.0017173744495595784,152.74994974874366,52.09247090648709,147.92467474874366,1527.8818909601944,1479.617061390497,0.08156204516787922,64.34673366834171,68,1985,551.3755247825679,199,40,49.0,10.011762619018555,False
fir_direct,filter,16384,2048,fp32,4400,10.00421142578125,4.825,0.03766297917053287,153.14926130653262,52.146324595855674,148.32426130653263,1532.137589812772,1483.8672696833776,0.33724256129167673,63.80904522613066,67,1876,2273.684414950284,199,40,50.0,9.008569478988647,False
fir_fft,filter,256,2048,fp32,89224,10.001702070236206,5.0419,0.010168087332433936,85.10457788944724,27.54530535459907,80.06267788944724,851.190632863463,800.763051195539,0.00897474952025844,56.25125628140704,59,2216,112.09654431807816,199,40,50.0,9.006134986877441,False
fir_fft,filter,1024,2048,fp32,34409,10.003392934799194,4.901999999999999,0.02300000000000013,150.02063819095474,48.93554753296939,145.11863819095475,1500.7153921534627,1451.6787599870772,0.04218892615266579,59.517587939698494,63,2072,290.7202457147605,199,40,49.0,7.006946325302124,False
fir_fft,filter,4096,1024,fp32,9052,10.003539800643921,4.8689,0.012778497564267756,128.57502010050248,45.34375655026883,123.70612010050249,1286.2053309439686,1237.4990960086136,0.13671001944416855,57.72361809045226,61,2143,1105.1192886261513,199,40,50.0,9.005549907684326,False
fir_fft,filter,16384,256,fp32,6934,10.008137702941895,4.942925000000001,0.03931118638504818,128.59891959798998,45.261288716018036,123.65599459798997,1287.0356957862368,1237.5662217309227,0.178477966791307,57.52261306532663,60,2144,1443.342616518877,199,40,50.0,8.005086183547974,False
iir_butter4,filter,1024,2,fp32,31274,10.007529020309448,4.66935,0.030379721855211216,41.82791959798995,13.650179162907172,37.158569597989946,418.5941192360547,371.86546360507276,0.011890562883068133,49.37688442211055,50,2196,319.99517235753177,199,40,47.0,5.0035459995269775,False
iir_butter4,filter,4096,2,fp32,14820,10.005762577056885,4.749,0.03454706934024921,41.9265175879397,13.1697515453891,37.1775175879397,419.50678066772434,371.98941418928115,0.02510050028267754,48.5678391959799,50,2179,675.1526705166589,199,40,47.0,7.005476951599121,False
iir_butter4,filter,16384,1,fp32,4573,10.009572505950928,4.79555,0.05839432763548189,41.91359296482413,13.529597442827914,37.118042964824134,419.5371477663219,371.53574233540894,0.08124551548992104,49.231155778894475,51,2185,2188.841571386601,199,40,47.0,5.00469183921814,False
median,filter,256,2048,fp32,11801,10.007670164108276,4.8303,0.031132137735786797,125.03764824120604,40.66721857664584,120.20734824120605,1251.3355416937834,1202.9954925000914,0.10194013155665549,60.93467336683417,65,2176,848.0357735876854,199,40,48.0,6.004777193069458,False
median,filter,1024,1024,fp32,5964,10.001462459564209,4.8378,0.020206682063119645,132.4095376884422,46.25561011089348,127.57173768844221,1324.289020479207,1275.9039453923274,0.21393426314425343,62.231155778894475,66,2196,1676.9722433876943,199,40,49.0,7.00438117980957,False
median,filter,4096,256,fp32,5905,10.009609937667847,4.75205,0.027950804997351843,132.5684522613065,44.53571654309062,127.81640226130651,1326.9584971760191,1279.3923302717246,0.21666254534660875,61.78894472361809,65,2208,1695.107525430626,199,40,49.0,8.006197929382324,False
median,filter,16384,64,fp32,5971,10.000978231430054,4.95905,0.04130916968422395,133.39003517587938,44.6135180637426,128.43098517587939,1334.0308380836589,1284.4354869850856,0.21511229056859582,62.96482412060301,67,2228,1674.925176926822,199,40,49.0,9.00689435005188,False
savgol,filter,256,2048,fp32,374259,10.00805139541626,4.8628,0.0023579652245104736,68.79632663316585,22.73684827756099,63.93352663316585,688.5171727605682,639.8500204349381,0.0017096449796396027,53.97487437185929,56,2158,26.740977225440833,199,40,49.0,10.010276794433594,False
savgol,filter,1024,2048,fp32,193484,10.005407094955444,4.772175,0.06233533809164761,98.99609045226133,34.157947835070196,94.22391545226132,990.4961857839064,942.7486321805374,0.004872488847556063,57.64321608040201,61,2190,51.71180611810509,199,40,48.0,6.005050420761108,False
savgol,filter,4096,2048,fp32,66770,10.003397464752197,4.807375,0.05373996999440926,147.57221608040203,49.552342250098505,142.76484108040202,1476.2235322065571,1428.133449319444,0.02138884902380476,61.336683417085425,65,2120,149.81874291975734,199,40,48.0,8.005599021911621,False
savgol,filter,16384,2048,fp32,14934,10.004638433456421,4.7985,0.00550000000000006,153.32178391959795,51.63013781058737,148.52328391959796,1533.9290120881103,1485.9217545651697,0.09949924699110552,60.869346733668344,64,2011,669.9235592243485,199,40,49.0,8.006595611572266,False
wiener,filter,256,2048,fp32,62319,10.000285387039185,7.7906,2.256743813550843,63.168070351758786,21.59990119522059,55.37747035175879,631.6987308661566,553.790507529889,0.008886383085894976,55.05527638190955,57,2090,160.46928524268978,199,40,52.0,5.002391815185547,False
wiener,filter,1024,2048,fp32,43175,10.000437498092651,4.9495000000000005,0.0014999999999996128,142.1237135678392,46.63434919291358,137.1742135678392,1421.2993145319983,1371.8021491351888,0.03177306656943112,60.663316582914575,64,2171,231.6256513744679,199,40,51.0,5.003466367721558,False
wiener,filter,4096,2048,fp32,5377,10.007745265960693,5.007149999999998,0.05523655945114632,126.62709045226133,44.564676796897324,121.61994045226133,1267.2516650159948,1217.1413833075399,0.22636068129208478,57.68341708542714,60,2153,1861.2135514154163,199,40,51.0,9.008249044418335,False
wiener,filter,16384,512,fp32,5197,10.00004506111145,4.8514,0.023982076640691647,126.34673366834167,46.160834630488864,121.49533366834167,1263.473030007664,1214.958811398188,0.23378079880665537,57.23618090452261,60,2152,1924.1957015800365,199,40,50.0,9.008654832839966,False
matched_filter,filter,256,2048,fp32,82162,10.00075101852417,4.77115,0.0434669702187765,82.19011111111111,27.006133527381618,77.4189611111111,821.962837407059,774.2477541850275,0.009423428764940331,55.36363636363637,57,2207,121.71990723843346,198,40,50.0,8.004987001419067,False
matched_filter,filter,1024,2048,fp32,34740,10.001097202301025,4.933199999999999,0.06373978349508265,150.16869346733668,54.006438290779606,145.23549346733668,1501.8517001093812,1452.5142873909897,0.04181100424268824,60.120603015075375,64,2104,287.8842027144797,199,40,49.0,6.004504919052124,False
matched_filter,filter,4096,2048,fp32,4033,10.000734329223633,4.903149999999999,0.05229223173665477,125.9071658291457,45.508331651094046,121.0040158291457,1259.1641156027902,1210.1290150764573,0.300056785290468,57.562814070351756,60,2123,2479.7258440921482,199,40,50.0,9.005351066589355,False
matched_filter,filter,16384,256,fp32,7149,10.006757020950317,4.8648750000000005,0.010288798520721672,132.5598391959799,46.226199437618746,127.69496419597989,1326.494101570417,1277.8124795081212,0.1787400307047309,57.402010050251256,60,2155,1399.7422046370564,199,40,50.0,9.005883693695068,False
filterbank_32ch,filter,256,2048,fp32,31630,10.000147581100464,5.0969999999999995,0.2360000000000002,153.94432663316587,50.66777900466104,148.84732663316586,1539.4659856047933,1488.4952333839242,0.04705960269946014,63.02010050251256,67,1730,316.1602143882537,199,40,50.0,7.005347967147827,False
filterbank_32ch,filter,1024,2048,fp32,8477,10.002058506011963,4.840775,0.019532648949899593,154.41252763819094,50.84704168492531,149.57175263819093,1544.4431354983749,1496.0254207339349,0.17648052621610652,63.23618090452261,67,1609,1179.905450750497,199,40,51.0,9.007323026657104,False
filterbank_32ch,filter,4096,1024,fp32,4374,10.007838487625122,4.907850000000001,0.04816822085151177,153.891135678392,51.93718041590682,148.983285678392,1540.117630546551,1491.0006604250602,0.3408780659408002,63.21105527638191,66,1613,2288.0289180670143,199,40,51.0,11.007866382598877,False
filterbank_32ch,filter,16384,128,fp32,8824,10.000455141067505,4.778499999999999,0.026697378148425138,155.6663517587939,49.01776306305104,150.8878517587939,1556.734367737453,1508.9471928458618,0.17100489492813484,62.663316582914575,66,1591,1133.3244720158098,199,40,50.0,11.00816798210144,False
lms,adaptive,256,1,fp32,618,10.017898797988892,4.9855,0.00849999999999973,24.738647959183673,7.960724750588899,19.75314795918367,247.82927165417647,197.88503719680284,0.3202023255611696,50.704081632653065,51,1081,16210.192229755487,196,40,51.0,7.005465030670166,False
lms,adaptive,1024,1,fp32,575,10.017526149749756,4.888299999999999,0.0662420561275087,24.334608465608465,7.802225308336381,19.446308465608467,243.77257664815457,194.80390357033286,0.33878939751362236,47.93121693121693,48,1019,17421.784608260445,189,40,48.0,7.004518508911133,False
lms,adaptive,4096,1,fp32,644,10.010500192642212,4.590425000000001,0.005894435935693861,25.3506432160804,7.698275872256629,20.7602182160804,253.77261879817684,207.8201684513672,0.32270212492448325,46.688442211055275,47,1119,15544.254957518962,199,40,47.0,5.003603219985962,False
lms,adaptive,16384,1,fp32,518,10.020262241363525,4.592099999999999,0.03995610091087461,21.53605025125628,6.354112306491362,16.943950251256283,215.79687116077076,169.78282492220535,0.3277660712783887,46.57788944723618,47,1077,19344.135601087884,199,40,46.0,5.006730079650879,False
nlms,adaptive,256,1,fp32,367,10.048102617263794,4.534724999999999,0.01011184330377018,25.290206185567012,8.277865905363424,20.755481185567014,254.11858696433688,208.55320482326533,0.5682648632786521,46.0,47,1182,27379.02620507846,194,40,46.0,5.0040576457977295,False
nlms,adaptive,1024,1,fp32,335,10.01215147972107,4.542199999999999,0.022301569451498183,26.651918781725886,7.409071485528233,22.10971878172589,266.8430480678626,221.36585361667358,0.6607935928855928,46.015228426395936,47,1187,29887.019342450953,197,40,45.0,5.002931594848633,False
nlms,adaptive,4096,1,fp32,336,10.012998342514038,4.6617999999999995,0.02303931422590502,24.86045728643216,7.902130099376499,20.19865728643216,248.92771760318624,202.24912193005432,0.601931910506114,46.537688442211056,47,1089,29800.590305101305,199,40,46.0,5.003344535827637,False
nlms,adaptive,16384,1,fp32,370,10.020438432693481,4.5695,0.015419143945109327,26.781806282722517,7.373816748750202,22.212306282722516,268.36544097234446,222.57704755415156,0.6015595879841934,45.92670157068063,46,1169,27082.266034306707,191,40,46.0,5.0039222240448,False
rls,adaptive,256,1,fp32,473,10.004211902618408,4.542249999999999,0.006514407110397796,18.29668181818182,4.566830280720068,13.754431818181821,183.0438820238764,137.60225050920792,0.29091384885667637,44.82828282828283,45,841,21150.553705324328,198,40,45.0,5.003906488418579,False
rls,adaptive,1024,1,fp32,505,10.010497808456421,4.433,0.00836660026534071,19.18382412060302,5.2289038258819325,14.75082412060302,192.03962931710996,147.66309253222266,0.2924021634301439,44.57788944723618,45,927,19822.767937537465,199,40,44.0,5.003297567367554,False
rls,adaptive,4096,1,fp32,558,10.00649905204773,4.499124999999999,0.02676489071526354,18.619223350253808,4.571428708557567,14.120098350253809,186.31324080417969,141.29275075663546,0.2532128149760492,44.0,44,945,17932.794000085538,197,40,44.0,5.003281593322754,False
rls,adaptive,16384,1,fp32,466,10.021600484848022,4.648325,0.02137333326835091,20.186306532663313,5.526333677137389,15.537981532663313,202.29909933502947,155.71544326129828,0.33415331171952417,44.89447236180904,45,977,21505.580439588033,199,40,44.0,5.003601312637329,False
apa_p4,adaptive,256,1,fp32,226,10.019280910491943,4.47265,0.010866347132316479,23.6274595959596,7.406456845614054,19.1548095959596,236.7301548932177,191.9174181289059,0.8491921156146278,44.57070707070707,45,1093,44333.10137385816,198,40,44.0,5.0032453536987305,False
apa_p4,adaptive,1024,1,fp32,252,10.034759998321533,4.674525,0.006804364408231019,26.286185929648237,7.322464554805639,21.611660929648238,263.77556707527646,216.8678305941225,0.8605866293417559,45.84924623115578,46,1119,39820.47618381561,199,40,44.0,5.002938270568848,False
apa_p4,adaptive,4096,1,fp32,230,10.019445180892944,4.523625,0.006799586384479595,25.807361809045226,6.864106781606417,21.283736809045227,258.57544690919883,213.25123420278197,0.9271792791425303,44.92964824120603,45,1095,43562.805134317154,199,40,45.0,5.003143310546875,False
apa_p4,adaptive,16384,1,fp32,244,10.033465385437012,4.510425,0.010044619206321291,24.685695431472084,7.223946153527545,20.175270431472086,247.68307062711574,202.42787751600602,0.8296224488360903,44.69543147208122,45,1003,41120.759776381194,197,40,44.0,5.0039544105529785,False
kalman,estimation,256,1,fp32,105,10.002309322357178,4.482275,0.026999062483723284,22.1445202020202,6.667091147629828,17.662245202020202,221.4963408557935,176.663239837925,1.6825070460754763,43.93939393939394,44,1031,95260.08878435407,198,40,44.0,5.004004955291748,False
kalman,estimation,1024,1,fp32,112,10.07279086112976,4.458625,0.015353643704345958,22.250776119402982,7.1180867094054,17.79215111940298,224.12741434856667,179.21661719536198,1.600148367815732,43.90547263681592,44,1098,89935.63268865857,201,40,43.0,5.004191875457764,False
kalman,estimation,4096,1,fp32,75,10.04397988319397,4.488674999999999,0.006757912029613721,17.58207,4.441102912014086,13.093395000000003,176.5939573849082,131.50979598271255,1.7534639464361672,43.205,44,681,133919.7317759196,200,40,43.0,5.003774404525757,False
kalman,estimation,16384,1,fp32,91,10.046335935592651,4.575,0.003872983346207248,18.03462,4.614889544246969,13.459620000000001,181.18185099075794,135.21986408542156,1.4859325723672698,43.925,44,817,110399.29599552364,200,40,43.0,5.002317190170288,False
ekf,estimation,256,1,fp32,73,10.147743225097656,4.572749999999999,0.014289419162443345,18.03980198019802,4.669531603537096,13.467051980198022,183.06327832665775,136.66018549409245,1.872057335535513,44.618811881188115,45,821,139010.1811657213,202,40,44.0,5.004275798797607,False
ekf,estimation,1024,1,fp32,79,10.092858076095581,4.40805,0.010848847865096062,18.141389999999998,4.707827118522939,13.733339999999998,183.0984745730996,138.60865153076648,1.7545398927945124,43.79,44,866,127757.69716576685,200,40,44.0,5.005552768707275,False
ekf,estimation,4096,1,fp32,78,10.094979524612427,4.616125,0.009211914838946305,18.45507960199005,4.550026607940553,13.83895460199005,186.30365070718202,139.70396334913048,1.7910764531939805,44.482587064676615,45,890,129422.81441810804,201,40,44.0,5.003112077713013,False
ekf,estimation,16384,1,fp32,79,10.108741283416748,4.6392999999999995,0.016565325230734222,18.324487562189052,4.726749612745167,13.685187562189054,185.2375039173572,138.3400204812019,1.7511394997620493,44.62686567164179,45,892,127958.75042299682,201,40,44.0,5.002543687820435,False
ukf,estimation,256,1,fp32,87,10.147770881652832,4.670525,0.013647321165708663,18.053668316831686,4.748592721589295,13.383143316831687,183.20448965256287,135.8090720555313,1.5610238167302446,45.0,45,793,116641.04461669922,202,40,45.0,5.003595590591431,False
ukf,estimation,1024,1,fp32,85,10.02133846282959,4.511,0.004999999999999893,18.076221105527644,4.869127879083804,13.565221105527645,181.1479298274362,135.9416720216119,1.5993137884895519,44.89949748743719,45,851,117898.09956270106,199,40,45.0,5.002958059310913,False
ukf,estimation,4096,1,fp32,87,10.088799715042114,4.659,0.0213775583264319,18.433104477611938,4.32342695564823,13.774104477611939,185.96789920107284,138.96418132869164,1.597289440559674,44.995024875621894,46,811,115963.2151154266,201,40,45.0,5.003326892852783,False
ukf,estimation,16384,1,fp32,90,10.0365731716156,4.53425,0.020655205155117776,18.200557788944725,4.603854615649512,13.666307788944724,182.67123001296198,137.16289810956394,1.524032201217377,44.48743718592965,45,818,111517.47968461778,199,40,45.0,5.0050506591796875,False
particle_1k,estimation,256,1,fp32,178,10.036665201187134,4.702850000000001,0.013331447783342875,27.339226130653273,7.012679605569646,22.63637613065327,274.3946595329137,227.19372859151076,1.2763692617500604,45.78894472361809,46,1231,56385.75955723109,199,40,44.0,5.001820087432861,False
particle_1k,estimation,1024,1,fp32,170,10.00688910484314,4.6959,0.029867875719575276,27.154175879396984,7.448273534008276,22.458275879396986,271.7288267585321,224.7374762110992,1.3219851541829364,46.35175879396985,47,1204,58864.05355790082,199,40,46.0,5.002506732940674,False
particle_1k,estimation,4096,1,fp32,166,10.03281307220459,4.754575,0.059741897986254004,27.153035175879396,7.284819131085685,22.398460175879396,272.4213262625939,224.7195640498167,1.3537323135531127,46.88442211055276,47,1192,60438.63296508789,199,40,46.0,5.002253770828247,False
particle_1k,estimation,16384,1,fp32,175,10.013704299926758,4.7406999999999995,0.011009541316512382,27.42442713567839,7.56852711210714,22.68372713567839,274.6201039315707,227.14813595690796,1.2979893483251883,46.87437185929648,47,1234,57221.1674281529,199,40,46.0,7.004411697387695,False
periodogram,spectral,256,2048,fp32,111924,10.000456809997559,4.747325,0.009597883881356137,60.00345226130652,20.609687918475796,55.25612726130652,600.0619327899462,552.5865141644246,0.004937158376795188,50.50753768844221,52,2128,89.35042359098637,199,40,46.0,5.00275731086731,False
periodogram,spectral,1024,2048,fp32,82099,10.00230598449707,4.8115000000000006,0.00550000000000006,130.91033165829145,45.03373493640255,126.09883165829146,1309.4051937782249,1261.2790985338172,0.015362904524218532,57.23618090452261,61,2216,121.83225111751752,199,40,47.0,6.002378940582275,False
periodogram,spectral,4096,2048,fp32,12148,10.00060749053955,4.7675,0.04911466176204417,127.55927135678391,46.50929120334907,122.79177135678391,1275.6702046184203,1227.992308407273,0.10108596545993356,55.80904522613066,59,2121,823.2307779502429,199,40,48.0,10.006621837615967,False
periodogram,spectral,16384,1024,fp32,4247,10.001857280731201,4.91255,0.017613843987046195,119.74015075376884,41.82141134468917,114.82760075376885,1197.6238986124345,1148.4892746279786,0.2704236577885516,56.2713567839196,59,2196,2355.0405652769487,199,40,49.0,9.00425386428833,False
welch,spectral,256,2048,fp32,90978,10.001966714859009,5.023375,0.05027906497738419,60.44089393939393,21.17438137896077,55.41751893939393,604.5278093981417,554.2841798518868,0.006092507857414835,53.14141414141414,55,2090,109.93830063157037,198,40,50.0,7.003918170928955,False
welch,spectral,1024,2048,fp32,48939,10.005499601364136,4.857449999999999,0.04621144338797478,155.48351256281404,48.73173674670691,150.62606256281404,1555.6902229659315,1507.0890089272852,0.03079525550026125,59.93969849246231,63,2064,204.44838679507419,199,40,49.0,6.00377631187439,False
welch,spectral,4096,2048,fp32,4899,10.000293731689453,4.901,0.007141428428542984,124.60879396984922,44.38934247971772,119.70779396984922,1246.1245412500657,1197.1131016710556,0.2443586653747817,57.18090452261306,60,2176,2041.2928621533893,199,40,50.0,9.00530481338501,False
welch,spectral,16384,512,fp32,4729,10.000596523284912,5.183325,0.1940308464523102,123.48685929648241,45.0272067343935,118.30353429648241,1234.942255751775,1183.1059137777193,0.25018099255185433,57.89447236180904,60,2144,2114.7381102315317,199,40,51.0,7.003106594085693,False
music,spectral,256,2,fp32,18358,10.005191087722778,4.9338750000000005,0.03458842833954727,28.147899497487426,7.468981809208076,23.214024497487426,281.62511319037765,232.26075101243944,0.012651745888029167,48.93467336683417,49,1257,545.0044170237923,199,40,49.0,11.00792121887207,False
music,spectral,512,1024,fp32,11197,10.000626802444458,4.839125,0.010349365922606012,117.33079899497487,38.97957259215569,112.49167399497487,1173.381533181369,1124.98725000599,0.1004722023761713,58.984924623115575,62,2176,893.152344596272,199,40,48.0,5.004914045333862,False
music,spectral,1024,2048,fp32,5765,10.000218629837036,4.769900000000001,0.028138763299050466,149.8941256281407,52.34884580336052,145.1242256281407,1498.9740276096657,1451.273984767206,0.2517387657878935,62.5929648241206,67,2021,1734.643300925765,199,40,49.0,9.007790327072144,False
esprit,spectral,256,512,fp32,4441,10.008122205734253,4.7461,0.01188233983691774,20.586005025125637,5.63344652443718,15.839905025125637,206.0272540193168,158.52770521868146,0.03569639838295011,48.0,48,506,2253.5740161527256,199,40,49.0,10.008257150650024,False
esprit,spectral,512,1,fp32,14802,10.002506971359253,4.550125,0.010768443480838,32.609592964824124,9.383861657022734,28.059467964824123,326.17768096384094,280.6650239307849,0.01896129063172442,47.4321608040201,48,1682,675.7537475583875,199,40,46.0,5.004092216491699,False
esprit,spectral,1024,2,fp32,18300,10.000224828720093,4.6922999999999995,0.009783148777361868,39.22584422110553,11.873963637436747,34.53354422110553,392.2672613074061,345.3432063436028,0.01887121346139906,48.69346733668342,50,2042,546.4603731541034,199,40,46.0,5.003108263015747,False
svd,decomposition,256,1,fp32,3860,10.004417181015015,4.69015,0.006215102573570178,43.4996783919598,13.644252495387015,38.809528391959795,435.1889298731502,388.26671263161256,0.1005872312517131,49.321608040201006,50,2182,2591.81792254275,199,40,47.0,7.003307342529297,False
svd,decomposition,512,1,fp32,4048,10.00259280204773,4.6242,0.010819426971887106,43.86714070351758,13.669500712496642,39.242940703517576,438.78514584741987,392.53115621219075,0.09696915914332775,48.984924623115575,50,2217,2470.9962455651507,199,40,46.0,8.005748748779297,False
svd,decomposition,1024,1,fp32,6179,10.001058578491211,4.770125000000001,0.007606535019310598,44.545477386934685,14.068460141465422,39.775352386934685,445.50192875358937,397.795629201864,0.06437864204594013,49.62814070351759,51,2164,1618.5561706572603,199,40,47.0,7.004305601119995,False
pca,decomposition,256,1,fp32,6227,10.001070737838745,4.8452,0.035459272412163276,42.705783919597984,14.034844174537906,37.860583919597985,427.10356589475583,378.64637795577954,0.060807190935567614,49.869346733668344,51,2133,1606.0816987054352,199,40,48.0,5.002269506454468,False
pca,decomposition,512,1,fp32,6010,10.006531953811646,4.645524999999999,0.0073109079463496,43.524301507537686,12.673147738726385,38.87877650753769,435.5273138025082,389.0417194477774,0.06473239924255864,48.92964824120603,50,2198,1664.9803583713222,199,40,47.0,7.004475355148315,False
pca,decomposition,1024,1,fp32,5803,10.000393390655518,4.63715,0.05542226538134298,42.91574747474747,13.896548879287002,38.27859747474747,429.1743574015058,382.80103319002757,0.06596605776150742,48.47979797979798,50,2140,1723.3143874987968,198,40,47.0,5.00379204750061,False
fastica,decomposition,256,1,fp32,636,10.01545238494873,4.695,0.04499999999999993,28.67931155778895,7.582682797364288,23.98431155778895,287.236279340145,240.21373039281073,0.3776945446427842,47.60301507537689,48,1373,15747.56664300115,199,40,46.0,7.004688739776611,False
fastica,decomposition,512,1,fp32,623,10.007342338562012,4.7287,0.01563361762356994,29.231570707070706,8.308068316040162,24.502870707070706,292.53033515953774,245.20861544317958,0.3935932832153765,47.696969696969695,49,1405,16063.149821126824,198,40,47.0,5.002623081207275,False
fastica,decomposition,1024,1,fp32,688,10.011115789413452,4.76935,0.006570958834142928,31.333222222222222,8.421091759704602,26.563872222222223,313.68051572208935,265.9340006318503,0.38653197766257313,48.388888888888886,49,1548,14551.04039158932,198,40,47.0,5.00298547744751,False
nmf,decomposition,256,1,fp32,1102,10.004469394683838,4.8554,0.004409081537009863,30.217728643216077,8.54790643778224,25.362328643216077,302.31234138791643,253.73664068896852,0.23025103510795691,48.8391959798995,50,1462,9078.465875393682,199,40,47.0,7.00354528427124,False
nmf,decomposition,512,1,fp32,1116,10.003561735153198,4.8688,0.01815929514050589,32.37890452261306,9.652903583580391,27.510104522613062,323.90437030859084,275.19902893247695,0.24659411194666395,49.62814070351759,50,1622,8963.764995656988,199,40,48.0,5.002178430557251,False
nmf,decomposition,1024,1,fp32,1016,10.015965938568115,4.911975,0.0020308557309664213,32.410015075376876,8.702627889649332,27.498040075376878,324.61760706345393,275.41943277235583,0.271082118870429,49.949748743718594,51,1564,9858.23419150405,199,40,49.0,5.002863168716431,False
jpeg_q50,compression,4096,2048,fp32,9611,10.000309944152832,4.9510000000000005,0.07458552138317477,145.36026130653266,49.96128983766609,140.40926130653267,1453.6476666283727,1404.1361320948722,0.14609677786857478,61.57788944723618,65,2176,1040.5067052494883,199,40,48.0,5.003192663192749,False
jpeg_q50,compression,16384,512,fp32,9699,10.000159978866577,5.442675,0.3969553745384989,146.99886432160804,50.35839986727782,141.55618932160803,1470.0121599277827,1415.5845392148049,0.1459515969909068,63.698492462311556,67,2185,1031.0506215967189,199,40,52.0,7.003549337387085,False
mdct_audio,compression,4096,1,fp32,8049,10.001290798187256,5.19275,0.010485108487755336,20.99475879396985,5.6099668136596295,15.80200879396985,209.97468793629164,158.04048514400478,0.01963479750826249,52.050251256281406,53,883,1242.5507265731464,199,40,53.0,9.00505805015564,False
mdct_audio,compression,16384,1,fp32,1866,10.009842157363892,5.03935,0.01784313593514292,20.578747474747477,5.641028385796539,15.539397474747478,205.99001401847303,155.5469159427613,0.08335847585356983,50.94949494949495,51,945,5364.331274042815,198,40,51.0,5.0029308795928955,False
mdct_audio,compression,65536,1,fp32,1483,10.005218982696533,5.0237,0.040973283978709925,26.87723115577889,7.694731995282898,21.85353115577889,268.9125833621216,218.64936475874904,0.14743719808411937,49.904522613065325,50,1172,6746.607540591054,199,40,50.0,5.003437042236328,False
cnn_denoiser,ml_enhanced,256,2048,fp32,5798,10.00028371810913,4.8107,0.056521323409842464,148.95576381909547,52.17560564296835,144.14506381909547,1489.5998996386095,1441.491534755902,0.24861875383854812,59.814070351758794,63,2058,1724.7816002257903,199,40,48.0,6.003783702850342,False
cnn_denoiser,ml_enhanced,1024,512,fp32,5833,10.00028133392334,4.737675,0.0573704573365073,150.55374874371864,51.32962894298289,145.81607374371865,1505.579843313994,1458.2017604452988,0.24999172988947346,60.36683417085427,63,2050,1714.4319104960296,199,40,49.0,10.004508256912231,False
cnn_denoiser,ml_enhanced,4096,128,fp32,5788,10.0000901222229,4.7165,0.013500000000000068,149.0754723618091,50.916519960148996,144.3589723618091,1490.76815863104,1443.6027335695758,0.2494130500292978,60.663316582914575,64,2066,1727.7280791677438,199,40,49.0,9.004588603973389,False
cnn_denoiser,ml_enhanced,16384,32,fp32,5771,10.001268148422241,4.7396,0.017083325203249913,146.6398844221106,51.19527761858439,141.90028442211062,1466.5848053591737,1419.1827948429116,0.24591627011660225,60.22613065326633,64,2050,1733.021685742894,199,40,49.0,12.005497455596924,False
lstm_denoiser,ml_enhanced,256,128,fp32,7954,10.001226663589478,4.8524,0.003136877428271712,122.59935175879397,41.47656539616312,117.74695175879397,1226.1439057488358,1177.6139534864342,0.14805304921881243,59.58793969849246,62,2206,1257.383286848061,199,40,50.0,8.004070043563843,False
lstm_denoiser,ml_enhanced,1024,1,fp32,5534,10.004612922668457,4.86285,0.017361667546638482,44.32709547738692,12.685387784460525,39.46424547738692,443.4754322374237,394.82450028642535,0.07134522954218023,51.17085427135678,52,2197,1807.8447637637255,199,40,50.0,8.005002737045288,False
lstm_denoiser,ml_enhanced,4096,1,fp32,1503,10.002800703048706,4.721,0.006999999999999673,43.380763819095485,13.182137609251534,38.65976381909549,433.9291348284382,386.7059127093453,0.25728936308007005,49.25125628140704,50,2175,6655.223355321827,199,40,47.0,9.006238460540771,False
lstm_denoiser,ml_enhanced,16384,1,fp32,391,10.017943382263184,4.657825,0.01550143138552046,43.117849246231174,13.897023723779252,38.46002424623117,431.9521725137032,385.29034537921314,0.9853973027601359,48.969849246231156,50,2185,25621.338573563127,199,40,47.0,6.004554748535156,False
transformer_denoiser,ml_enhanced,256,64,fp32,6890,10.002843856811523,4.763275,0.0185633880258965,120.63979899497491,41.05182259769672,115.87652399497492,1206.7410722638617,1159.094776191808,0.1682285596795077,58.92462311557789,62,2197,1451.7915612208308,199,40,47.0,7.004496097564697,False
transformer_denoiser,ml_enhanced,1024,8,fp32,5246,10.008430004119873,4.691375,0.012529340565249257,118.92625125628139,39.51712889441075,114.2348762562814,1190.2650613508654,1143.3117630402876,0.2179397184598337,59.321608040201006,62,2228,1907.8211978878903,199,40,48.0,9.00877046585083,False
transformer_denoiser,ml_enhanced,4096,1,fp32,2884,10.000965595245361,4.7135,0.021581241854907448,114.77086432160804,40.29163003068168,110.05736432160805,1147.8194654169754,1100.6799140837863,0.38165045564625044,58.62311557788945,62,2159,3467.741191139168,199,40,48.0,9.00747299194336,False
transformer_denoiser,ml_enhanced,16384,1,fp32,249,10.033053874969482,4.867,0.06973162840490665,143.34536683417085,46.80933204644429,138.47836683417086,1438.1917881744998,1389.3609149650233,5.579762710702905,62.482412060301506,66,2176,40293.389056102336,199,40,49.0,9.00743556022644,False
