algorithm,category,N,cpu_energy_j,gpu_energy_batch_j,gpu_energy_per_sig_j,ratio,winner,cpu_time_us,cpu_delta_w,gpu_delta_w
apa_p4,adaptive,256,0.02049016739569664,0.8491921156146278,0.8491921156146278,0.02412901276275543,CPU,1126.0989641973085,18.195707524073768,19.1548095959596
apa_p4,adaptive,1024,0.01801965776384125,0.8605866293417559,0.8605866293417559,0.0209388074941672,CPU,1137.7688282138542,15.837714408233275,21.611660929648238
apa_p4,adaptive,4096,0.0195427898736705,0.9271792791425303,0.9271792791425303,0.02107768186077667,CPU,1139.7987007066774,17.145825716026813,21.283736809045227
apa_p4,adaptive,16384,0.019004891113757926,0.8296224488360903,0.8296224488360903,0.022907879530526965,CPU,1142.3004111466523,16.637384464110127,20.175270431472086
cnn_denoiser,ml_enhanced,256,0.008338466903706708,0.24861875383854812,0.00012139587589772857,68.68822224843578,GPU,326.2288249494503,25.560178212329234,144.14506381909547
cnn_denoiser,ml_enhanced,1024,0.017517540863534145,0.24999172988947346,0.00048826509744037786,35.8771105191954,GPU,794.3399682286894,22.052951587714734,145.81607374371865
cnn_denoiser,ml_enhanced,4096,0.03180882116334746,0.2494130500292978,0.0019485394533538892,16.32444296090443,GPU,1650.2537293727733,19.275109395109396,144.3589723618091
cnn_denoiser,ml_enhanced,16384,0.11293739268784982,0.24591627011660225,0.00768488344114382,14.696044976192923,GPU,4787.822488039015,23.588466984728676,141.90028442211062
dct,transform,256,9.478248078564067e-05,0.004395998702304874,2.1464837413598017e-06,44.15709234564049,GPU,4.950245383648955,19.147026751181784,45.649697110552765
dct,transform,1024,8.84099663634383e-05,0.017858654438426567,8.720046112512972e-06,10.138703995678759,GPU,5.7277841865240795,15.435282385716091,142.2957502512563
dct,transform,4096,0.000250725681454173,0.10840344014941775,5.2931367260457884e-05,4.736807198280639,GPU,12.86432621850807,19.48999715923332,129.19737135678395
dct,transform,16384,0.0008427376981759581,0.2808637234261433,0.00027428097990834306,3.072534225514205,GPU,52.364963763561335,16.093541131453723,119.20400335008378
direct_dft,transform,256,0.0023118112286249037,0.0036270593330309355,7.084100259826046e-06,326.3380166617901,GPU,105.29943981130329,21.95463938618925,89.33222780569514
direct_dft,transform,1024,0.008571766292102791,0.03333874216837418,6.511473079760582e-05,131.64096951803666,GPU,145.25790192318536,59.01067121729237,148.47729233668338
dst,transform,256,9.308814172516008e-05,0.009767226821676288,4.769153721521625e-06,19.51879665884617,GPU,4.997929259357336,18.625341995562763,76.38300201005026
dst,transform,1024,8.729498946872972e-05,0.03399615644822685,1.6599685765735767e-05,5.258833853886538,GPU,6.024308439692344,14.490458173351398,149.2389741012756
dst,transform,4096,0.0002085627046863316,0.2718272974376317,0.0002654563451539372,0.7856760951236138,CPU,13.953859077259098,14.946596746575342,136.4800326633166
dst,transform,16384,0.0013750331882129829,0.30948505108484586,0.0006044629904000896,2.2748012865152565,GPU,57.293091634106865,23.999982353796014,146.255017523515
dwt_db4,transform,256,8.552661816143389e-05,0.001956582418747618,9.553625091541103e-07,89.52268624939052,GPU,4.464223043043277,19.158231418278348,38.01824045226131
dwt_db4,transform,1024,7.732015451606413e-05,0.00553606170889003,2.70315513129396e-06,28.603668957412786,GPU,4.892349442859199,15.804299226605629,95.74453957286434
dwt_db4,transform,4096,0.00014604001487169066,0.022737630591263654,1.1102358687140456e-05,13.153962953912183,GPU,9.778291811466968,14.93512544802867,139.05403429648243
dwt_db4,transform,16384,0.0004061216690998628,0.12243361989389392,5.978204096381539e-05,6.793372433465065,GPU,29.763097491574452,13.645141242937855,146.94936683417086
dwt_haar,transform,256,8.23355323162883e-05,0.0015046341954858683,7.346846657645841e-07,112.06921302842487,GPU,4.264043455717068,19.309262011834317,38.70125937379204
dwt_haar,transform,1024,6.832715096702302e-05,0.0037780263605578534,1.8447394338661394e-06,37.03891710268556,GPU,4.438071800862136,15.395683989103073,88.12122010050251
dwt_haar,transform,4096,0.00010631414295625735,0.0165536124424369,8.082818575408642e-06,13.15310271589047,GPU,6.722758399070861,15.814065692283515,141.64715125628143
dwt_haar,transform,16384,0.00023905527931306392,0.10769227479820052,5.258411855380885e-05,4.546149786050722,GPU,16.610890740445722,14.39147864184009,135.13239723618094
ekf,estimation,256,0.04568124004170035,1.872057335535513,1.872057335535513,0.024401624445243266,CPU,3107.7376631444945,14.69919439579685,13.467051980198022
ekf,estimation,1024,0.04380595442484519,1.7545398927945124,1.7545398927945124,0.024967203427374927,CPU,3080.94645717851,14.21834330251948,13.733339999999998
ekf,estimation,4096,0.05170686083047658,1.7910764531939805,1.7910764531939805,0.028869153373251636,CPU,3095.676299505392,16.70292880387332,13.83895460199005
ekf,estimation,16384,0.05278565564212526,1.7511394997620493,1.7511394997620493,0.030143604007161026,CPU,3109.2951522686226,16.976727218582475,13.685187562189054
esprit,spectral,256,0.0007437817006295273,0.03569639838295011,6.971952809169944e-05,10.668197576599479,GPU,41.84651462526574,17.77404181184669,15.839905025125637
esprit,spectral,1024,0.0007888100310524975,0.01887121346139906,0.00943560673069953,0.08359929081041907,CPU,47.846451230129546,16.48628081649185,34.53354422110553
fastica,decomposition,256,0.06767854694751388,0.3776945446427842,0.3776945446427842,0.17918857422609286,CPU,3606.056885364156,18.768019778667295,23.98431155778895
fastica,decomposition,1024,0.10576959358217913,0.38653197766257313,0.38653197766257313,0.27363736946626377,CPU,5804.59164733218,18.221711363759994,26.563872222222223
fft,transform,256,6.0903715850030196e-05,0.0012744669671550307,6.222983238061673e-07,97.86900192422888,GPU,4.528108772393724,13.450144179693428,44.58417788944722
fft,transform,1024,0.0001663530727980712,0.005229888078655611,2.55365628840606e-06,65.14309445375885,GPU,9.54613124387822,17.426229385307348,109.88539447236177
fft,transform,4096,0.0004580037393467596,0.03155387638355481,1.540716620290762e-05,29.7266696104262,GPU,28.12307103886581,16.285694357981136,146.1290077889447
fft,transform,16384,0.0019843048856618127,0.20870294844745327,0.00010190573654660804,19.471964512559726,GPU,117.08245872848788,16.94792633509158,126.98706597088001
filterbank_32ch,filter,256,0.0017762994932133962,0.04705960269946014,2.2978321630595772e-05,77.30327400623737,GPU,127.88125015984585,13.890226213718595,148.84732663316586
filterbank_32ch,filter,1024,0.005482716655344817,0.17648052621610652,8.617213194145826e-05,63.625171291683316,GPU,322.775476082885,16.986162399577466,149.57175263819093
filterbank_32ch,filter,4096,0.018328182321005262,0.3408780659408002,0.0003328887362703127,55.057982815382466,GPU,1097.3025235900848,16.70294374339018,148.983285678392
filterbank_32ch,filter,16384,0.07586700757934968,0.17100489492813484,0.0013359757416260534,56.78771344082178,GPU,4131.354995871002,18.363710611935648,150.8878517587939
fir_direct,filter,256,6.426206771362825e-05,0.005825674725425809,2.844567737024321e-06,22.59115396592815,GPU,4.266268510262585,15.062827751944047,112.64256168341706
fir_direct,filter,1024,0.00014597576780494043,0.02111985259724183,1.0312428025996987e-05,14.15532476318328,GPU,10.608168287947816,13.760694951529649,136.67815201005024
fir_direct,filter,4096,0.0005499723998362003,0.08156204516787922,3.982521736712853e-05,13.809652180081857,GPU,35.261026809006886,15.597174830306368,147.92467474874366
fir_direct,filter,16384,0.0018872281065289258,0.33724256129167673,0.00016466921938070153,11.4607217646779,GPU,133.2569745749157,14.162321428571422,148.32426130653263
fir_fft,filter,256,0.0005342418791336045,0.00897474952025844,4.382201914188691e-06,121.91174427719463,GPU,30.28972939245139,17.637723738355508,80.06267788944724
fir_fft,filter,1024,0.000727721688930384,0.04218892615266579,2.0600061597981343e-05,35.326189947009446,GPU,37.1149246197558,19.607252241138248,145.11863819095475
fir_fft,filter,4096,0.0009649369474940432,0.13671001944416855,0.00013350587836344585,7.227673862173882,GPU,62.69937551726484,15.389897260273974,123.70612010050249
fir_fft,filter,16384,0.002985715275223727,0.178477966791307,0.000697179557778543,4.282562851867396,GPU,194.02145434790816,15.388583109319,123.65599459798997
hilbert,transform,256,0.00036454340109923477,0.004481718401111266,2.1883390630426102e-06,166.5845148294264,GPU,17.75034098372194,20.537261871957362,71.262427020202
hilbert,transform,1024,0.0004093725305431368,0.017745662588290703,8.66487431068882e-06,47.24506275159039,GPU,20.794152703440076,19.68690604428486,142.202516959799
hilbert,transform,4096,0.0006696231948149114,0.12808794540399632,6.254294209179508e-05,10.70661488601059,GPU,42.77217170378058,15.65558091023291,123.60380778894475
hilbert,transform,16384,0.002373831939125203,0.13724727853072682,0.00026806109088032583,8.855563227506915,GPU,143.74955006755943,16.513665176757414,124.13590452261309
iir_butter4,filter,1024,0.00028300906748962107,0.011890562883068133,0.005945281441534066,0.04760229944919075,CPU,16.822542821670922,16.823203869336965,37.158569597989946
iir_butter4,filter,4096,0.00040381953422245824,0.02510050028267754,0.01255025014133877,0.032176213993722176,CPU,27.66891466390642,14.594700917171618,37.1775175879397
iir_butter4,filter,16384,0.0009522738220930769,0.08124551548992104,0.08124551548992104,0.011720940120211456,CPU,70.2848524037068,13.548777432487777,37.118042964824134
jpeg_q50,compression,4096,0.003169999599411696,0.14609677786857478,7.133631731864003e-05,44.43738783503731,GPU,188.5712852617199,16.810616711934816,140.40926130653267
jpeg_q50,compression,16384,0.014327686175281011,0.1459515969909068,0.0002850617128728648,50.26169958387587,GPU,751.781220869079,19.058318800139524,141.55618932160803
kalman,estimation,256,0.039776604089025856,1.6825070460754763,1.6825070460754763,0.023641270437355127,CPU,2482.4256079403813,16.023281407424616,17.662245202020202
kalman,estimation,1024,0.040156332416961794,1.600148367815732,1.600148367815732,0.02509538066884187,CPU,2473.2536597424855,16.23623693379791,17.79215111940298
kalman,estimation,4096,0.041421147543154894,1.7534639464361672,1.7534639464361672,0.023622468900681662,CPU,2463.5915763547955,16.81331757289204,13.093395000000003
kalman,estimation,16384,0.043503930243165026,1.4859325723672698,1.4859325723672698,0.029277189996486864,CPU,2477.179247151867,17.561882246988628,13.459620000000001
lms,adaptive,256,0.00641220458619995,0.3202023255611696,0.3202023255611696,0.020025477875472205,CPU,367.23211662749986,17.460903597122304,19.75314795918367
lms,adaptive,1024,0.0075317881197447594,0.33878939751362236,0.33878939751362236,0.02223147529120038,CPU,383.5981818181958,19.634577213179824,19.446308465608467
lms,adaptive,4096,0.006432538195412619,0.32270212492448325,0.32270212492448325,0.01993336175557543,CPU,365.50070175437014,17.5992499180905,20.7602182160804
lms,adaptive,16384,0.006300581460112665,0.3277660712783887,0.3277660712783887,0.01922279946651725,CPU,355.6534106266302,17.715509740259744,16.943950251256283
lstm_denoiser,ml_enhanced,256,0.7921212466236603,0.14805304921881243,0.0011566644470219721,684.832363148284,GPU,23889.747619047004,33.157371909283455,117.74695175879397
lstm_denoiser,ml_enhanced,1024,1.7731928818700395,0.07134522954218023,0.07134522954218023,24.853699304754564,GPU,70390.98194444351,25.190625743359316,39.46424547738692
lstm_denoiser,ml_enhanced,4096,7.789348017907823,0.25728936308007005,0.25728936308007005,30.27466011287738,GPU,296732.7588235361,26.250381146963512,38.65976381909549
lstm_denoiser,ml_enhanced,16384,31.185493755685826,0.9853973027601359,0.9853973027601359,31.647634581842322,GPU,1147188.819999974,27.184272729999698,38.46002424623117
matched_filter,filter,256,0.0007336091762943928,0.009423428764940331,4.601283576631021e-06,159.4357670151529,GPU,41.77789624084246,17.559744321860073,77.4189611111111
matched_filter,filter,1024,0.000820536311422331,0.04181100424268824,2.041552941537512e-05,40.191772386974094,GPU,46.95648842057934,17.474396809083352,145.23549346733668
matched_filter,filter,4096,0.0012803607503722053,0.300056785290468,0.00014651210219261132,8.738941911358191,GPU,74.0149465612725,17.298678305634823,121.0040158291457
matched_filter,filter,16384,0.003054873658649632,0.1787400307047309,0.0006982032449403551,4.375335807713982,GPU,204.79372516894765,14.916832320567774,127.69496419597989
mdct_audio,compression,4096,0.022643904004129762,0.01963479750826249,0.01963479750826249,1.1532537574986965,GPU,885.9715095677027,25.558275587415373,15.80200879396985
mdct_audio,compression,16384,0.10700434050185727,0.08335847585356983,0.08335847585356983,1.2836647912064099,GPU,3954.6927272729467,27.057561201637192,15.539397474747478
median,filter,256,0.0003253235469419217,0.10194013155665549,4.977545486164819e-05,6.535822683010424,GPU,19.37583684035174,16.790167548500882,120.20734824120605
median,filter,1024,0.0005652959140720619,0.21393426314425343,0.00020892017885181,2.7057985359711676,GPU,25.028341025359985,22.58623188405797,127.57173768844221
median,filter,4096,0.0011263336746907431,0.21666254534660875,0.0008463380677601904,1.3308318715611518,GPU,70.50607056235756,15.974988617392622,127.81640226130651
median,filter,16384,0.003918947761831392,0.21511229056859582,0.0033611295401343097,1.165961536155132,GPU,296.0039012550395,13.239513888888892,128.43098517587939
music,spectral,256,0.05581727871653612,0.012651745888029167,0.006325872944014583,8.823648405608484,GPU,2849.0293447295044,19.59168262685465,23.214024497487426
music,spectral,1024,0.048697577634948246,0.2517387657878935,0.00012291931923236987,396.17513291697526,GPU,2874.7202873562164,16.93993598233996,145.1242256281407
nlms,adaptive,256,0.009853414963662517,0.5682648632786521,0.5682648632786521,0.017339476009148987,CPU,511.9018632268642,19.248640552995386,20.755481185567014
nlms,adaptive,1024,0.01252476791713312,0.6607935928855928,0.6607935928855928,0.01895413038501057,CPU,489.2147930730951,25.60177675424822,22.10971878172589
nlms,adaptive,4096,0.005431822578391415,0.601931910506114,0.601931910506114,0.009023981755385341,CPU,512.77981745459,10.592894637223974,20.19865728643216
nlms,adaptive,16384,0.008195966936332285,0.6015595879841934,0.6015595879841934,0.013624530470533606,CPU,493.55235416047867,16.606074041067917,22.212306282722516
nmf,decomposition,256,0.02989764169091521,0.23025103510795691,0.23025103510795691,0.12984802294980874,CPU,2141.52642398302,13.960902539464657,25.362328643216077
nmf,decomposition,1024,0.10950632335483483,0.271082118870429,0.271082118870429,0.40395996538294854,CPU,7342.508663729355,14.914020312400305,27.498040075376878
particle_1k,estimation,256,0.30981801769893497,1.2763692617500604,1.2763692617500604,0.24273384433759873,CPU,19083.162357414792,16.2351507520741,22.63637613065327
particle_1k,estimation,1024,0.3152893375298281,1.3219851541829364,1.3219851541829364,0.23849688215651346,CPU,19039.539923951208,16.55971408916257,22.458275879396986
particle_1k,estimation,4096,0.29810505408106847,1.3537323135531127,1.3537323135531127,0.22020974981282554,CPU,19027.65589353508,15.666935315051285,22.398460175879396
particle_1k,estimation,16384,0.3371112756714542,1.2979893483251883,1.2979893483251883,0.259718060172399,CPU,19317.28687258711,17.451274492891862,22.68372713567839
pca,decomposition,256,0.10853493791354099,0.060807190935567614,0.060807190935567614,1.78490300643137,GPU,5460.0148471616585,19.878139703221127,37.860583919597985
pca,decomposition,1024,0.019606784106504096,0.06596605776150742,0.06596605776150742,0.29722534242367693,CPU,1279.4366845739646,15.324544264597895,38.27859747474747
periodogram,spectral,256,0.0015512941280063943,0.004937158376795188,2.410721863669525e-06,643.4977636304601,GPU,87.92182559918712,17.64401634559254,55.25612726130652
periodogram,spectral,1024,0.002114130973716795,0.015362904524218532,7.50141822471608e-06,281.8308365678161,GPU,119.79717763189447,17.64758582387449,126.09883165829146
periodogram,spectral,4096,0.004000675065312561,0.10108596545993356,4.9358381572233185e-05,81.05361111684347,GPU,278.3587986416533,14.372367910894926,122.79177135678391
periodogram,spectral,16384,0.013584714200969948,0.2704236577885516,0.0002640856033091324,51.44057090104984,GPU,891.5555357460549,15.237092538046145,114.82760075376885
rls,adaptive,256,0.014470387434454965,0.29091384885667637,0.29091384885667637,0.049741143267414696,CPU,749.9831258436642,19.29428401229303,13.754431818181821
rls,adaptive,1024,0.013908196579641657,0.2924021634301439,0.2924021634301439,0.04756529984759973,CPU,742.2968378859861,18.73670460358057,14.75082412060302
rls,adaptive,4096,0.012825043481267163,0.2532128149760492,0.2532128149760492,0.0506492670305026,CPU,747.6728618421225,17.153282051282048,14.120098350253809
rls,adaptive,16384,0.014151317526875382,0.33415331171952417,0.33415331171952417,0.04234977488044012,CPU,741.7918409731207,19.077208382759988,15.537981532663313
savgol,filter,256,0.0029690067103846193,0.0017096449796396027,8.347875877146498e-07,3556.601408644203,GPU,182.605824994507,16.259101868595543,63.93352663316585
savgol,filter,1024,0.003010780026160253,0.004872488847556063,2.379144945095734e-06,1265.488272316718,GPU,175.5644499841925,17.149143955005343,94.22391545226132
savgol,filter,4096,0.003906801878293318,0.02138884902380476,1.0443773937404669e-05,374.07951394859265,GPU,178.49333523720165,21.887662489479105,142.76484108040202
savgol,filter,16384,0.0033503932337835816,0.09949924699110552,4.858361669487574e-05,68.96137961126631,GPU,202.58085244308498,16.53854840365465,148.52328391959796
stft,transform,256,0.0009590288608508494,0.004853211270140975,2.369732065498523e-06,404.699280063587,GPU,60.427801411578805,15.870656195462479,81.28336695979898
stft,transform,1024,0.0009726747087522816,0.012243103429600022,5.978077846484386e-06,162.70693251749748,GPU,56.882739673042295,17.099645944325864,141.33377047738693
stft,transform,4096,0.0012927996845758314,0.0843877344909565,4.1204948481912355e-05,31.374864723913653,GPU,73.70721151011386,17.53966346153846,130.51154974874368
stft,transform,16384,0.00220153011648038,0.16612920684641433,0.0001622355535609515,13.569960888093933,GPU,138.4588640895085,15.900246841958584,130.29694736180906
svd,decomposition,256,0.059487073635501875,0.1005872312517131,0.1005872312517131,0.5913978632798759,CPU,3231.5085917315855,18.408452877925374,38.809528391959795
svd,decomposition,1024,0.15798404719721015,0.06437864204594013,0.06437864204594013,2.453982286306597,GPU,7272.446511628227,21.723645123357414,39.775352386934685
transformer_denoiser,ml_enhanced,256,0.061809102249055385,0.1682285596795077,0.002628571244992308,23.51433401959636,GPU,2874.375402299178,21.50348983630149,115.87652399497492
transformer_denoiser,ml_enhanced,1024,0.2242399173236063,0.2179397184598337,0.027242464807479213,8.231263907590437,GPU,5828.324708625053,38.47416342328433,114.2348762562814
transformer_denoiser,ml_enhanced,4096,4.114078263234894,0.38165045564625044,0.38165045564625044,10.77970221801126,GPU,57247.98114285867,71.86416326138166,110.05736432160805
transformer_denoiser,ml_enhanced,16384,102.58829293633947,5.579762710702905,5.579762710702905,18.385780588761993,GPU,1739093.8500000932,58.98950935645823,138.47836683417086
ukf,estimation,256,0.16942317572108537,1.5610238167302446,1.5610238167302446,0.10853337015444321,CPU,10624.30594479946,15.946752343292326,13.383143316831687
ukf,estimation,1024,0.17098217788792539,1.5993137884895519,1.5993137884895519,0.10690971285216452,CPU,10448.064091858569,16.36496257915948,13.565221105527645
ukf,estimation,4096,0.2316744867226211,1.597289440559674,1.597289440559674,0.145042270260952,CPU,10457.735632183452,22.153408239700376,13.774104477611939
ukf,estimation,16384,0.23252742862076714,1.524032201217377,1.524032201217377,0.15257382910612208,CPU,10476.400837696976,22.195354322838565,13.666307788944724
welch,spectral,256,0.002010974450171966,0.006092507857414835,2.9748573522533374e-06,675.990211311723,GPU,104.37784689893148,19.26629557821002,55.41751893939393
welch,spectral,1024,0.0034133047930431813,0.03079525550026125,1.5036745849736938e-05,226.9975716257049,GPU,180.81050119330195,18.877801734502498,150.62606256281404
welch,spectral,4096,0.008177743875881157,0.2443586653747817,0.00011931575457753013,68.53867626146004,GPU,458.7295779817287,17.826938284339008,119.70779396984922
welch,spectral,16384,0.029690094459094023,0.25018099255185433,0.0004886347510778405,60.76132406383911,GPU,1569.6508160702485,18.91509509957485,118.30353429648241
wiener,filter,256,0.0007904380649065667,0.008886383085894976,4.339054241159656e-06,182.1682839104851,GPU,40.735418431858896,19.404196528109566,55.37747035175879
wiener,filter,1024,0.0006232653081163322,0.03177306656943112,1.551419266085504e-05,40.173879604379096,GPU,38.37256987613539,16.242469819670653,137.1742135678392
wiener,filter,4096,0.0009325715412565629,0.22636068129208478,0.00011052767641215077,8.437448171615063,GPU,53.468207968862004,17.441608325449387,121.61994045226133
wiener,filter,16384,0.0014968401312622382,0.23378079880665537,0.00045660312266924876,3.278208266539845,GPU,106.26038465625084,14.086530329289427,121.49533366834167
