algorithm,category,N,B,variant,gpus,repeat_idx,n_kernels,n_memcpy,n_memset,n_cuda_events,model_seq_steps,model_fused_steps,outer_iters,kpi_table,kpi_census,ratio_census_over_model,wall_ms,top_kernels
svd,decomposition,256,1,default,A100 SXM4+RTX 4090,0,245,16,4,265,0,0,0,0,,,5314.87,"64x void ormtr_gerc<float, (int)5, (int)3, (int)1>(int, const T1 | 64x void ormtr_gemv_c<float, (int)4>(long long, long long, const | 36x void svd_column_rotate_batch_32x16<float, (int)5, (int)3>(lo | 18x void gesvdbj_batch_32x16<float, float>(long long, const int  | 18x void svd_row_rotate_batch_32x16<float>(long long, const int  | 7x void offA_stage1<float, float, (int)5, (int)3>(long long, lo | 7x void offA_stage2<float, (int)5, (int)3>(long long, T1 *) | 4x copy_info_kernel(int, int *)"
svd,decomposition,256,1,default,A100 SXM4+RTX 4090,1,245,16,4,265,0,0,0,0,,,4802.39,"64x void ormtr_gerc<float, (int)5, (int)3, (int)1>(int, const T1 | 64x void ormtr_gemv_c<float, (int)4>(long long, long long, const | 36x void svd_column_rotate_batch_32x16<float, (int)5, (int)3>(lo | 18x void gesvdbj_batch_32x16<float, float>(long long, const int  | 18x void svd_row_rotate_batch_32x16<float>(long long, const int  | 7x void offA_stage1<float, float, (int)5, (int)3>(long long, lo | 7x void offA_stage2<float, (int)5, (int)3>(long long, T1 *) | 4x copy_info_kernel(int, int *)"
svd,decomposition,512,1,default,A100 SXM4+RTX 4090,0,244,16,4,264,0,0,0,0,,,4966.70,"64x void ormtr_gerc<float, (int)5, (int)3, (int)1>(int, const T1 | 64x void ormtr_gemv_c<float, (int)4>(long long, long long, const | 36x void svd_column_rotate_batch_32x16<float, (int)5, (int)3>(lo | 18x void gesvdbj_batch_32x16<float, float>(long long, const int  | 18x void svd_row_rotate_batch_32x16<float>(long long, const int  | 7x void offA_stage1<float, float, (int)5, (int)3>(long long, lo | 7x void offA_stage2<float, (int)5, (int)3>(long long, T1 *) | 4x copy_info_kernel(int, int *)"
svd,decomposition,512,1,default,A100 SXM4+RTX 4090,1,244,16,4,264,0,0,0,0,,,4608.61,"64x void ormtr_gerc<float, (int)5, (int)3, (int)1>(int, const T1 | 64x void ormtr_gemv_c<float, (int)4>(long long, long long, const | 36x void svd_column_rotate_batch_32x16<float, (int)5, (int)3>(lo | 18x void gesvdbj_batch_32x16<float, float>(long long, const int  | 18x void svd_row_rotate_batch_32x16<float>(long long, const int  | 7x void offA_stage1<float, float, (int)5, (int)3>(long long, lo | 7x void offA_stage2<float, (int)5, (int)3>(long long, T1 *) | 4x copy_info_kernel(int, int *)"
svd,decomposition,1024,1,default,A100 SXM4+RTX 4090,0,137,16,4,157,0,0,0,0,,,4704.68,"36x void svd_column_rotate_batch_32x16<float, (int)5, (int)3>(lo | 18x void gesvdbj_batch_32x16<float, float>(long long, const int  | 18x void svd_row_rotate_batch_32x16<float>(long long, const int  | 7x void offA_stage1<float, float, (int)5, (int)3>(long long, lo | 7x void offA_stage2<float, (int)5, (int)3>(long long, T1 *) | 4x copy_info_kernel(int, int *) | 3x void recursive_gemv_truncated_uptate<float, (int)16>(long lo | 3x void cublasLt::splitKreduce_kernel<(int)32, (int)16, int, fl"
svd,decomposition,1024,1,default,A100 SXM4+RTX 4090,1,137,16,4,157,0,0,0,0,,,4685.38,"36x void svd_column_rotate_batch_32x16<float, (int)5, (int)3>(lo | 18x void gesvdbj_batch_32x16<float, float>(long long, const int  | 18x void svd_row_rotate_batch_32x16<float>(long long, const int  | 7x void offA_stage1<float, float, (int)5, (int)3>(long long, lo | 7x void offA_stage2<float, (int)5, (int)3>(long long, T1 *) | 4x copy_info_kernel(int, int *) | 3x void recursive_gemv_truncated_uptate<float, (int)16>(long lo | 3x void cublasLt::splitKreduce_kernel<(int)32, (int)16, int, fl"
fft,transform,256,2048,default,A100 SXM4+RTX 4090,0,2,0,0,2,0,0,0,0,,,4605.42,"1x void at::native::_fft_conjugate_copy_kernel<c10::complex<flo | 1x void regular_fft_r2c<(unsigned int)256, EPT<(unsigned int)8>"
fft,transform,1024,2048,default,A100 SXM4+RTX 4090,0,2,0,0,2,0,0,0,0,,,4727.31,"1x void at::native::_fft_conjugate_copy_kernel<c10::complex<flo | 1x void regular_fft_r2c<(unsigned int)1024, EPT<(unsigned int)1"
fft,transform,4096,2048,default,A100 SXM4+RTX 4090,0,2,0,0,2,0,0,0,0,,,4549.59,"1x void at::native::_fft_conjugate_copy_kernel<c10::complex<flo | 1x void regular_fft_r2c<(unsigned int)4096, EPT<(unsigned int)1"
fft,transform,16384,2048,default,A100 SXM4+RTX 4090,0,3,0,0,3,0,0,0,0,,,4583.51,"1x void at::native::_fft_conjugate_copy_kernel<c10::complex<flo | 1x void postprocess_kernel<float, unsigned int, (loadstore_modi | 1x void vector_fft<(unsigned int)8192, EPT<(unsigned int)32>, ("
apa_p4,adaptive,256,1,default,A100 SXM4+RTX 4090,0,2801,400,100,3301,1500,0,100,15,28.010,1.8673,5031.61,"400x void at::native::index_elementwise_kernel<(int)128, (int)4,  | 225x void at::native::vectorized_elementwise_kernel<(int)4, at::n | 200x void at::native::vectorized_elementwise_kernel<(int)4, at::n | 200x void <unnamed>::elementwise_kernel_with_index<int, at::nativ | 101x void at::native::vectorized_elementwise_kernel<(int)4, at::n | 100x void getrf_pivot<getrf_params_<float, (int)32, (int)1, (int) | 100x ampere_sgemm_32x32_sliced1x4_nt | 100x void trsm_batch_left_lower_kernel_small<float, (int)4, (int)"
apa_p4,adaptive,1024,1,default,A100 SXM4+RTX 4090,0,2801,400,100,3301,1500,0,100,15,28.010,1.8673,4977.72,"400x void at::native::index_elementwise_kernel<(int)128, (int)4,  | 225x void at::native::vectorized_elementwise_kernel<(int)4, at::n | 200x void at::native::vectorized_elementwise_kernel<(int)4, at::n | 200x void <unnamed>::elementwise_kernel_with_index<int, at::nativ | 101x void at::native::vectorized_elementwise_kernel<(int)4, at::n | 100x void getrf_pivot<getrf_params_<float, (int)32, (int)1, (int) | 100x ampere_sgemm_32x32_sliced1x4_nt | 100x void trsm_batch_left_lower_kernel_small<float, (int)4, (int)"
apa_p4,adaptive,4096,1,default,A100 SXM4+RTX 4090,0,2801,400,100,3301,1500,0,100,15,28.010,1.8673,4894.03,"400x void at::native::index_elementwise_kernel<(int)128, (int)4,  | 225x void at::native::vectorized_elementwise_kernel<(int)4, at::n | 200x void at::native::vectorized_elementwise_kernel<(int)4, at::n | 200x void <unnamed>::elementwise_kernel_with_index<int, at::nativ | 101x void at::native::vectorized_elementwise_kernel<(int)4, at::n | 100x void getrf_pivot<getrf_params_<float, (int)32, (int)1, (int) | 100x ampere_sgemm_32x32_sliced1x4_nt | 100x void trsm_batch_left_lower_kernel_small<float, (int)4, (int)"
apa_p4,adaptive,16384,1,default,A100 SXM4+RTX 4090,0,2801,400,100,3301,1500,0,100,15,28.010,1.8673,5020.28,"400x void at::native::index_elementwise_kernel<(int)128, (int)4,  | 225x void at::native::vectorized_elementwise_kernel<(int)4, at::n | 200x void at::native::vectorized_elementwise_kernel<(int)4, at::n | 200x void <unnamed>::elementwise_kernel_with_index<int, at::nativ | 101x void at::native::vectorized_elementwise_kernel<(int)4, at::n | 100x void getrf_pivot<getrf_params_<float, (int)32, (int)1, (int) | 100x ampere_sgemm_32x32_sliced1x4_nt | 100x void trsm_batch_left_lower_kernel_small<float, (int)4, (int)"
lms,adaptive,256,1,default,A100 SXM4+RTX 4090,0,1401,0,0,1401,1400,0,200,7,7.005,1.0007,4783.06,"250x void at::native::vectorized_elementwise_kernel<(int)4, at::n | 200x void at::native::reduce_kernel<(int)512, (int)1, at::native: | 200x void at::native::index_elementwise_kernel<(int)128, (int)4,  | 200x void at::native::elementwise_kernel<(int)128, (int)2, void a | 200x void at::native::vectorized_elementwise_kernel<(int)4, at::n | 200x void at::native::vectorized_elementwise_kernel<(int)4, at::n | 100x void at::native::unrolled_elementwise_kernel<at::native::CUD | 50x void at::native::vectorized_elementwise_kernel<(int)2, at::n"
lms,adaptive,1024,1,default,A100 SXM4+RTX 4090,0,1401,0,0,1401,1400,0,200,7,7.005,1.0007,4775.36,"250x void at::native::vectorized_elementwise_kernel<(int)4, at::n | 200x void at::native::reduce_kernel<(int)512, (int)1, at::native: | 200x void at::native::index_elementwise_kernel<(int)128, (int)4,  | 200x void at::native::elementwise_kernel<(int)128, (int)2, void a | 200x void at::native::vectorized_elementwise_kernel<(int)4, at::n | 200x void at::native::vectorized_elementwise_kernel<(int)4, at::n | 100x void at::native::unrolled_elementwise_kernel<at::native::CUD | 50x void at::native::vectorized_elementwise_kernel<(int)2, at::n"
lms,adaptive,4096,1,default,A100 SXM4+RTX 4090,0,1401,0,0,1401,1400,0,200,7,7.005,1.0007,4714.75,"250x void at::native::vectorized_elementwise_kernel<(int)4, at::n | 200x void at::native::reduce_kernel<(int)512, (int)1, at::native: | 200x void at::native::index_elementwise_kernel<(int)128, (int)4,  | 200x void at::native::elementwise_kernel<(int)128, (int)2, void a | 200x void at::native::vectorized_elementwise_kernel<(int)4, at::n | 200x void at::native::vectorized_elementwise_kernel<(int)4, at::n | 100x void at::native::unrolled_elementwise_kernel<at::native::CUD | 50x void at::native::vectorized_elementwise_kernel<(int)2, at::n"
lms,adaptive,16384,1,default,A100 SXM4+RTX 4090,0,1401,0,0,1401,1400,0,200,7,7.005,1.0007,4871.70,"250x void at::native::vectorized_elementwise_kernel<(int)4, at::n | 200x void at::native::reduce_kernel<(int)512, (int)1, at::native: | 200x void at::native::index_elementwise_kernel<(int)128, (int)4,  | 200x void at::native::elementwise_kernel<(int)128, (int)2, void a | 200x void at::native::vectorized_elementwise_kernel<(int)4, at::n | 200x void at::native::vectorized_elementwise_kernel<(int)4, at::n | 100x void at::native::unrolled_elementwise_kernel<at::native::CUD | 50x void at::native::vectorized_elementwise_kernel<(int)2, at::n"
nlms,adaptive,256,1,default,A100 SXM4+RTX 4090,0,2401,0,0,2401,2200,0,200,11,12.005,1.0914,5011.07,"400x void at::native::reduce_kernel<(int)512, (int)1, at::native: | 400x void at::native::vectorized_elementwise_kernel<(int)4, at::n | 250x void at::native::vectorized_elementwise_kernel<(int)4, at::n | 200x void at::native::index_elementwise_kernel<(int)128, (int)4,  | 200x void at::native::elementwise_kernel<(int)128, (int)2, void a | 200x void at::native::vectorized_elementwise_kernel<(int)4, at::n | 200x void at::native::vectorized_elementwise_kernel<(int)4, at::n | 200x void at::native::vectorized_elementwise_kernel<(int)4, void "
nlms,adaptive,1024,1,default,A100 SXM4+RTX 4090,0,2401,0,0,2401,2200,0,200,11,12.005,1.0914,5034.19,"400x void at::native::reduce_kernel<(int)512, (int)1, at::native: | 400x void at::native::vectorized_elementwise_kernel<(int)4, at::n | 250x void at::native::vectorized_elementwise_kernel<(int)4, at::n | 200x void at::native::index_elementwise_kernel<(int)128, (int)4,  | 200x void at::native::elementwise_kernel<(int)128, (int)2, void a | 200x void at::native::vectorized_elementwise_kernel<(int)4, at::n | 200x void at::native::vectorized_elementwise_kernel<(int)4, at::n | 200x void at::native::vectorized_elementwise_kernel<(int)4, at::n"
nlms,adaptive,4096,1,default,A100 SXM4+RTX 4090,0,2401,0,0,2401,2200,0,200,11,12.005,1.0914,5039.59,"400x void at::native::reduce_kernel<(int)512, (int)1, at::native: | 400x void at::native::vectorized_elementwise_kernel<(int)4, at::n | 250x void at::native::vectorized_elementwise_kernel<(int)4, at::n | 200x void at::native::index_elementwise_kernel<(int)128, (int)4,  | 200x void at::native::elementwise_kernel<(int)128, (int)2, void a | 200x void at::native::vectorized_elementwise_kernel<(int)4, at::n | 200x void at::native::vectorized_elementwise_kernel<(int)4, at::n | 200x void at::native::vectorized_elementwise_kernel<(int)4, void "
nlms,adaptive,16384,1,default,A100 SXM4+RTX 4090,0,2401,0,0,2401,2200,0,200,11,12.005,1.0914,4836.01,"400x void at::native::reduce_kernel<(int)512, (int)1, at::native: | 400x void at::native::vectorized_elementwise_kernel<(int)4, at::n | 250x void at::native::vectorized_elementwise_kernel<(int)4, at::n | 200x void at::native::index_elementwise_kernel<(int)128, (int)4,  | 200x void at::native::elementwise_kernel<(int)128, (int)2, void a | 200x void at::native::vectorized_elementwise_kernel<(int)4, at::n | 200x void at::native::vectorized_elementwise_kernel<(int)4, at::n | 200x void at::native::vectorized_elementwise_kernel<(int)4, void "
rls,adaptive,256,1,default,A100 SXM4+RTX 4090,0,1304,1,0,1305,1200,0,100,12,13.040,1.0867,4729.84,"225x void at::native::vectorized_elementwise_kernel<(int)4, at::n | 200x std::enable_if<!T7, void>::type internal::gemvx::kernel<int, | 100x std::enable_if<!T7, void>::type internal::gemvx::kernel<int, | 100x void gemvNSP_kernel<float, float, float, float, (int)1, (int | 100x void gemmk1_kernel<int, float, (int)256, (int)5, (bool)0, (b | 100x void at::native::index_elementwise_kernel<(int)128, (int)4,  | 100x void at::native::elementwise_kernel<(int)128, (int)2, void a | 100x void at::native::elementwise_kernel<(int)128, (int)2, void a"
rls,adaptive,1024,1,default,A100 SXM4+RTX 4090,0,1304,1,0,1305,1200,0,100,12,13.040,1.0867,4861.10,"225x void at::native::vectorized_elementwise_kernel<(int)4, at::n | 200x std::enable_if<!T7, void>::type internal::gemvx::kernel<int, | 100x std::enable_if<!T7, void>::type internal::gemvx::kernel<int, | 100x void gemvNSP_kernel<float, float, float, float, (int)1, (int | 100x void gemmk1_kernel<int, float, (int)256, (int)5, (bool)0, (b | 100x void at::native::index_elementwise_kernel<(int)128, (int)4,  | 100x void at::native::elementwise_kernel<(int)128, (int)2, void a | 100x void at::native::elementwise_kernel<(int)128, (int)2, void a"
rls,adaptive,4096,1,default,A100 SXM4+RTX 4090,0,1304,1,0,1305,1200,0,100,12,13.040,1.0867,4761.16,"225x void at::native::vectorized_elementwise_kernel<(int)4, at::n | 200x std::enable_if<!T7, void>::type internal::gemvx::kernel<int, | 100x std::enable_if<!T7, void>::type internal::gemvx::kernel<int, | 100x void gemvNSP_kernel<float, float, float, float, (int)1, (int | 100x void gemmk1_kernel<int, float, (int)256, (int)5, (bool)0, (b | 100x void at::native::index_elementwise_kernel<(int)128, (int)4,  | 100x void at::native::elementwise_kernel<(int)128, (int)2, void a | 100x void at::native::elementwise_kernel<(int)128, (int)2, void a"
rls,adaptive,16384,1,default,A100 SXM4+RTX 4090,0,1304,1,0,1305,1200,0,100,12,13.040,1.0867,5004.39,"225x void at::native::vectorized_elementwise_kernel<(int)4, at::n | 200x std::enable_if<!T7, void>::type internal::gemvx::kernel<int, | 100x std::enable_if<!T7, void>::type internal::gemvx::kernel<int, | 100x void gemvNSP_kernel<float, float, float, float, (int)1, (int | 100x void gemmk1_kernel<int, float, (int)256, (int)5, (bool)0, (b | 100x void at::native::index_elementwise_kernel<(int)128, (int)4,  | 100x void at::native::elementwise_kernel<(int)128, (int)2, void a | 100x void at::native::elementwise_kernel<(int)128, (int)2, void a"
jpeg_q50,compression,4096,2048,default,A100 SXM4+RTX 4090,0,10,0,0,10,0,0,0,0,,,4931.64,"2x void gemmSN_NN_kernel<float, (int)128, (int)2, (int)4, (int) | 1x ampere_sgemm_64x64_tn | 1x void at::native::elementwise_kernel<(int)128, (int)2, void a | 1x void at::native::elementwise_kernel<(int)128, (int)2, void a | 1x void at::native::elementwise_kernel<(int)128, (int)2, void a | 1x void at::native::vectorized_elementwise_kernel<(int)4, at::n | 1x ampere_sgemm_32x32_sliced1x4_tn | 1x void gemmSN_NN_kernel<float, (int)256, (int)4, (int)2, (int)"
jpeg_q50,compression,16384,512,default,RTX 4090,0,10,0,0,10,0,0,0,0,,,5155.76,"2x void gemmSN_NN_kernel<float, (int)128, (int)2, (int)4, (int) | 1x ampere_sgemm_64x64_tn | 1x void at::native::elementwise_kernel<(int)128, (int)2, void a | 1x void at::native::elementwise_kernel<(int)128, (int)2, void a | 1x void at::native::elementwise_kernel<(int)128, (int)2, void a | 1x void at::native::vectorized_elementwise_kernel<(int)4, at::n | 1x ampere_sgemm_32x32_sliced1x4_tn | 1x void gemmSN_NN_kernel<float, (int)256, (int)4, (int)2, (int)"
jpeg_q50,compression,16384,1024,default,A100 SXM4,0,13,0,0,13,0,0,0,0,,,4870.33,"4x void gemmSN_NN_kernel<float, (int)128, (int)2, (int)4, (int) | 2x ampere_sgemm_64x64_tn | 1x void at::native::elementwise_kernel<(int)128, (int)2, void a | 1x void at::native::vectorized_elementwise_kernel<(int)4, at::n | 1x void at::native::elementwise_kernel<(int)128, (int)2, void a | 1x void at::native::elementwise_kernel<(int)128, (int)2, void a | 1x ampere_sgemm_32x32_sliced1x4_tn | 1x void gemmSN_NN_kernel<float, (int)256, (int)4, (int)2, (int)"
mdct_audio,compression,4096,1,default,A100 SXM4+RTX 4090,0,77,0,0,77,77,0,7,11,11.000,1.0000,4762.41,"14x void at::native::vectorized_elementwise_kernel<(int)4, at::n | 7x std::enable_if<!T7, void>::type internal::gemvx::kernel<int, | 7x void at::native::vectorized_elementwise_kernel<(int)4, at::n | 7x void at::native::vectorized_elementwise_kernel<(int)4, at::n | 7x void at::native::vectorized_elementwise_kernel<(int)4, at::n | 7x void at::native::vectorized_elementwise_kernel<(int)4, at::n | 7x void at::native::vectorized_elementwise_kernel<(int)4, at::n | 7x void at::native::vectorized_elementwise_kernel<(int)4, at::n"
mdct_audio,compression,16384,1,default,A100 SXM4+RTX 4090,0,341,0,0,341,341,0,31,11,11.000,1.0000,4692.13,"62x void at::native::vectorized_elementwise_kernel<(int)4, at::n | 31x std::enable_if<!T7, void>::type internal::gemvx::kernel<int, | 31x void at::native::vectorized_elementwise_kernel<(int)4, at::n | 31x void at::native::vectorized_elementwise_kernel<(int)4, at::n | 31x void at::native::vectorized_elementwise_kernel<(int)4, at::n | 31x void at::native::vectorized_elementwise_kernel<(int)4, at::n | 31x void at::native::vectorized_elementwise_kernel<(int)4, at::n | 31x void at::native::vectorized_elementwise_kernel<(int)4, at::n"
mdct_audio,compression,65536,1,default,A100 SXM4+RTX 4090,0,550,0,0,550,550,0,50,11,11.000,1.0000,4978.71,"100x void at::native::vectorized_elementwise_kernel<(int)4, at::n | 50x std::enable_if<!T7, void>::type internal::gemvx::kernel<int, | 50x void at::native::vectorized_elementwise_kernel<(int)4, at::n | 50x void at::native::vectorized_elementwise_kernel<(int)4, at::n | 50x void at::native::vectorized_elementwise_kernel<(int)4, at::n | 50x void at::native::vectorized_elementwise_kernel<(int)4, at::n | 50x void at::native::vectorized_elementwise_kernel<(int)4, at::n | 50x void at::native::vectorized_elementwise_kernel<(int)4, at::n"
fastica,decomposition,256,1,default,A100 SXM4+RTX 4090,0,1354,3,1,1358,650,0,50,13,27.080,2.0831,4846.36,"156x copy_info_kernel(int, int *) | 104x void gemmSN_NN_kernel<float, (int)256, (int)4, (int)2, (int) | 103x void at::native::vectorized_elementwise_kernel<(int)4, at::n | 101x void gemmSN_TN_kernel<float, (int)128, (int)16, (int)2, (int | 53x void at::native::elementwise_kernel<(int)128, (int)2, void a | 52x void lacpy_kernel<float, float, (int)5, (int)3>(long long, l | 51x void geqr2_smem<float, float, (int)8, (int)5, (int)5>(int, i | 51x ampere_sgemm_32x32_sliced1x4_nt"
fastica,decomposition,256,1,default,A100 SXM4+RTX 4090,1,1354,3,1,1358,650,0,50,13,27.080,2.0831,4852.14,"156x copy_info_kernel(int, int *) | 104x void gemmSN_NN_kernel<float, (int)256, (int)4, (int)2, (int) | 103x void at::native::vectorized_elementwise_kernel<(int)4, at::n | 101x void gemmSN_TN_kernel<float, (int)128, (int)16, (int)2, (int | 53x void at::native::elementwise_kernel<(int)128, (int)2, void a | 52x void lacpy_kernel<float, float, (int)5, (int)3>(long long, l | 51x void geqr2_smem<float, float, (int)8, (int)5, (int)5>(int, i | 51x ampere_sgemm_32x32_sliced1x4_nt"
fastica,decomposition,512,1,default,A100 SXM4+RTX 4090,0,1354,3,1,1358,650,0,50,13,27.080,2.0831,4961.27,"156x copy_info_kernel(int, int *) | 104x void gemmSN_NN_kernel<float, (int)256, (int)4, (int)2, (int) | 103x void at::native::vectorized_elementwise_kernel<(int)4, at::n | 101x void gemmSN_TN_kernel<float, (int)128, (int)16, (int)2, (int | 53x void at::native::elementwise_kernel<(int)128, (int)2, void a | 52x void lacpy_kernel<float, float, (int)5, (int)3>(long long, l | 51x void geqr2_smem<float, float, (int)8, (int)5, (int)5>(int, i | 51x ampere_sgemm_32x32_sliced1x4_nt"
fastica,decomposition,512,1,default,A100 SXM4+RTX 4090,1,1354,3,1,1358,650,0,50,13,27.080,2.0831,4795.95,"156x copy_info_kernel(int, int *) | 104x void gemmSN_NN_kernel<float, (int)256, (int)4, (int)2, (int) | 103x void at::native::vectorized_elementwise_kernel<(int)4, at::n | 101x void gemmSN_TN_kernel<float, (int)128, (int)16, (int)2, (int | 53x void at::native::elementwise_kernel<(int)128, (int)2, void a | 52x void lacpy_kernel<float, float, (int)5, (int)3>(long long, l | 51x void geqr2_smem<float, float, (int)8, (int)5, (int)5>(int, i | 51x ampere_sgemm_32x32_sliced1x4_nt"
fastica,decomposition,1024,1,default,A100 SXM4+RTX 4090,0,1354,3,1,1358,650,0,50,13,27.080,2.0831,4912.29,"156x copy_info_kernel(int, int *) | 104x void gemmSN_NN_kernel<float, (int)256, (int)4, (int)2, (int) | 103x void at::native::vectorized_elementwise_kernel<(int)4, at::n | 101x void gemmSN_TN_kernel<float, (int)128, (int)16, (int)2, (int | 53x void at::native::elementwise_kernel<(int)128, (int)2, void a | 52x void lacpy_kernel<float, float, (int)5, (int)3>(long long, l | 51x void geqr2_smem<float, float, (int)8, (int)5, (int)5>(int, i | 51x ampere_sgemm_32x32_sliced1x4_nt"
fastica,decomposition,1024,1,default,A100 SXM4+RTX 4090,1,1354,3,1,1358,650,0,50,13,27.080,2.0831,5085.05,"156x copy_info_kernel(int, int *) | 104x void gemmSN_NN_kernel<float, (int)256, (int)4, (int)2, (int) | 103x void at::native::vectorized_elementwise_kernel<(int)4, at::n | 101x void gemmSN_TN_kernel<float, (int)128, (int)16, (int)2, (int | 53x void at::native::elementwise_kernel<(int)128, (int)2, void a | 52x void lacpy_kernel<float, float, (int)5, (int)3>(long long, l | 51x void geqr2_smem<float, float, (int)8, (int)5, (int)5>(int, i | 51x ampere_sgemm_32x32_sliced1x4_nt"
nmf,decomposition,256,1,default,A100 SXM4+RTX 4090,0,756,0,0,756,700,0,50,14,15.120,1.0800,4794.93,"150x void cublasLt::splitKreduce_kernel<(int)32, (int)16, int, fl | 102x void at::native::vectorized_elementwise_kernel<(int)4, at::n | 100x ampere_sgemm_32x32_sliced1x4_nt | 100x void at::native::vectorized_elementwise_kernel<(int)4, at::n | 100x void at::native::vectorized_elementwise_kernel<(int)4, at::n | 50x ampere_sgemm_32x32_sliced1x4_tn | 50x ampere_sgemm_32x32_sliced1x4_nn | 50x void gemmSN_TN_kernel<float, (int)128, (int)16, (int)2, (int"
nmf,decomposition,256,1,default,A100 SXM4+RTX 4090,1,756,0,0,756,700,0,50,14,15.120,1.0800,4827.41,"150x void cublasLt::splitKreduce_kernel<(int)32, (int)16, int, fl | 102x void at::native::vectorized_elementwise_kernel<(int)4, at::n | 100x ampere_sgemm_32x32_sliced1x4_nt | 100x void at::native::vectorized_elementwise_kernel<(int)4, at::n | 100x void at::native::vectorized_elementwise_kernel<(int)4, at::n | 50x ampere_sgemm_32x32_sliced1x4_tn | 50x ampere_sgemm_32x32_sliced1x4_nn | 50x void gemmSN_TN_kernel<float, (int)128, (int)16, (int)2, (int"
nmf,decomposition,512,1,default,A100 SXM4+RTX 4090,0,756,0,0,756,700,0,50,14,15.120,1.0800,4754.95,"150x void cublasLt::splitKreduce_kernel<(int)32, (int)16, int, fl | 102x void at::native::vectorized_elementwise_kernel<(int)4, at::n | 100x ampere_sgemm_32x32_sliced1x4_nt | 100x void at::native::vectorized_elementwise_kernel<(int)4, at::n | 100x void at::native::vectorized_elementwise_kernel<(int)4, at::n | 50x ampere_sgemm_32x32_sliced1x4_tn | 50x void gemmSN_TN_kernel<float, (int)128, (int)16, (int)2, (int | 50x ampere_sgemm_32x32_sliced1x4_nn"
nmf,decomposition,512,1,default,A100 SXM4+RTX 4090,1,756,0,0,756,700,0,50,14,15.120,1.0800,4822.61,"150x void cublasLt::splitKreduce_kernel<(int)32, (int)16, int, fl | 102x void at::native::vectorized_elementwise_kernel<(int)4, at::n | 100x ampere_sgemm_32x32_sliced1x4_nt | 100x void at::native::vectorized_elementwise_kernel<(int)4, at::n | 100x void at::native::vectorized_elementwise_kernel<(int)4, at::n | 50x ampere_sgemm_32x32_sliced1x4_tn | 50x void gemmSN_TN_kernel<float, (int)128, (int)16, (int)2, (int | 50x ampere_sgemm_32x32_sliced1x4_nn"
nmf,decomposition,1024,1,default,A100 SXM4+RTX 4090,0,756,0,0,756,700,0,50,14,15.120,1.0800,4968.67,"150x void cublasLt::splitKreduce_kernel<(int)32, (int)16, int, fl | 102x void at::native::vectorized_elementwise_kernel<(int)4, at::n | 100x ampere_sgemm_32x32_sliced1x4_nt | 100x void at::native::vectorized_elementwise_kernel<(int)4, at::n | 100x void at::native::vectorized_elementwise_kernel<(int)4, at::n | 50x void gemmSN_TN_kernel<float, (int)128, (int)16, (int)2, (int | 50x ampere_sgemm_32x32_sliced1x4_tn | 50x ampere_sgemm_32x32_sliced1x4_nn"
nmf,decomposition,1024,1,default,A100 SXM4+RTX 4090,1,756,0,0,756,700,0,50,14,15.120,1.0800,4975.37,"150x void cublasLt::splitKreduce_kernel<(int)32, (int)16, int, fl | 102x void at::native::vectorized_elementwise_kernel<(int)4, at::n | 100x ampere_sgemm_32x32_sliced1x4_nt | 100x void at::native::vectorized_elementwise_kernel<(int)4, at::n | 100x void at::native::vectorized_elementwise_kernel<(int)4, at::n | 50x void gemmSN_TN_kernel<float, (int)128, (int)16, (int)2, (int | 50x ampere_sgemm_32x32_sliced1x4_tn | 50x ampere_sgemm_32x32_sliced1x4_nn"
pca,decomposition,256,1,default,A100 SXM4+RTX 4090,0,166,11,3,180,0,0,0,0,,,4848.95,"19x copy_info_kernel(int, int *) | 12x void gemmSN_NN_kernel<float, (int)256, (int)4, (int)2, (int) | 11x void at::native::vectorized_elementwise_kernel<(int)4, at::n | 8x void svd_column_rotate_batch_32x16<float, (int)5, (int)3>(lo | 8x void ormtr_gerc<float, (int)5, (int)3, (int)1>(int, const T1 | 8x void ormtr_gemv_c<float, (int)4>(long long, long long, const | 8x void batch_eye_kernel<float, (int)5, (int)3>(long long, long | 6x void at::native::elementwise_kernel<(int)128, (int)2, void a"
pca,decomposition,256,1,default,A100 SXM4+RTX 4090,1,166,11,3,180,0,0,0,0,,,4840.58,"19x copy_info_kernel(int, int *) | 12x void gemmSN_NN_kernel<float, (int)256, (int)4, (int)2, (int) | 11x void at::native::vectorized_elementwise_kernel<(int)4, at::n | 8x void svd_column_rotate_batch_32x16<float, (int)5, (int)3>(lo | 8x void ormtr_gerc<float, (int)5, (int)3, (int)1>(int, const T1 | 8x void ormtr_gemv_c<float, (int)4>(long long, long long, const | 8x void batch_eye_kernel<float, (int)5, (int)3>(long long, long | 6x void at::native::elementwise_kernel<(int)128, (int)2, void a"
pca,decomposition,512,1,default,A100 SXM4+RTX 4090,0,166,11,3,180,0,0,0,0,,,4843.33,"19x copy_info_kernel(int, int *) | 12x void gemmSN_NN_kernel<float, (int)256, (int)4, (int)2, (int) | 11x void at::native::vectorized_elementwise_kernel<(int)4, at::n | 8x void svd_column_rotate_batch_32x16<float, (int)5, (int)3>(lo | 8x void ormtr_gerc<float, (int)5, (int)3, (int)1>(int, const T1 | 8x void ormtr_gemv_c<float, (int)4>(long long, long long, const | 8x void batch_eye_kernel<float, (int)5, (int)3>(long long, long | 6x void at::native::elementwise_kernel<(int)128, (int)2, void a"
pca,decomposition,512,1,default,A100 SXM4+RTX 4090,1,166,11,3,180,0,0,0,0,,,5063.55,"19x copy_info_kernel(int, int *) | 12x void gemmSN_NN_kernel<float, (int)256, (int)4, (int)2, (int) | 11x void at::native::vectorized_elementwise_kernel<(int)4, at::n | 8x void svd_column_rotate_batch_32x16<float, (int)5, (int)3>(lo | 8x void ormtr_gerc<float, (int)5, (int)3, (int)1>(int, const T1 | 8x void ormtr_gemv_c<float, (int)4>(long long, long long, const | 8x void batch_eye_kernel<float, (int)5, (int)3>(long long, long | 6x void at::native::elementwise_kernel<(int)128, (int)2, void a"
pca,decomposition,1024,1,default,A100 SXM4+RTX 4090,0,166,11,3,180,0,0,0,0,,,4818.47,"19x copy_info_kernel(int, int *) | 12x void gemmSN_NN_kernel<float, (int)256, (int)4, (int)2, (int) | 11x void at::native::vectorized_elementwise_kernel<(int)4, at::n | 8x void svd_column_rotate_batch_32x16<float, (int)5, (int)3>(lo | 8x void ormtr_gerc<float, (int)5, (int)3, (int)1>(int, const T1 | 8x void ormtr_gemv_c<float, (int)4>(long long, long long, const | 8x void batch_eye_kernel<float, (int)5, (int)3>(long long, long | 6x void at::native::elementwise_kernel<(int)128, (int)2, void a"
pca,decomposition,1024,1,default,A100 SXM4+RTX 4090,1,166,11,3,180,0,0,0,0,,,4977.66,"19x copy_info_kernel(int, int *) | 12x void gemmSN_NN_kernel<float, (int)256, (int)4, (int)2, (int) | 11x void at::native::vectorized_elementwise_kernel<(int)4, at::n | 8x void svd_column_rotate_batch_32x16<float, (int)5, (int)3>(lo | 8x void ormtr_gerc<float, (int)5, (int)3, (int)1>(int, const T1 | 8x void ormtr_gemv_c<float, (int)4>(long long, long long, const | 8x void batch_eye_kernel<float, (int)5, (int)3>(long long, long | 6x void at::native::elementwise_kernel<(int)128, (int)2, void a"
ekf,estimation,256,1,default,A100 SXM4+RTX 4090,0,7803,601,200,8604,4400,0,200,22,39.015,1.7734,5278.66,"1300x void at::native::vectorized_elementwise_kernel<(int)4, at::n | 600x void gemmSN_NN_kernel<float, (int)256, (int)4, (int)2, (int) | 600x std::enable_if<!T7, void>::type internal::gemvx::kernel<int, | 402x void at::native::vectorized_elementwise_kernel<(int)4, at::n | 400x void gemmSN_NN_kernel<float, (int)256, (int)4, (int)2, (int) | 400x void gemmSN_TN_kernel<float, (int)128, (int)16, (int)2, (int | 400x void at::native::vectorized_elementwise_kernel<(int)4, at::n | 400x void <unnamed>::elementwise_kernel_with_index<int, at::nativ"
ekf,estimation,1024,1,default,A100 SXM4+RTX 4090,0,7803,601,200,8604,4400,0,200,22,39.015,1.7734,4945.46,"1300x void at::native::vectorized_elementwise_kernel<(int)4, at::n | 600x void gemmSN_NN_kernel<float, (int)256, (int)4, (int)2, (int) | 600x std::enable_if<!T7, void>::type internal::gemvx::kernel<int, | 402x void at::native::vectorized_elementwise_kernel<(int)4, at::n | 400x void gemmSN_NN_kernel<float, (int)256, (int)4, (int)2, (int) | 400x void gemmSN_TN_kernel<float, (int)128, (int)16, (int)2, (int | 400x void at::native::vectorized_elementwise_kernel<(int)4, at::n | 400x void <unnamed>::elementwise_kernel_with_index<int, at::nativ"
ekf,estimation,4096,1,default,A100 SXM4+RTX 4090,0,7803,601,200,8604,4400,0,200,22,39.015,1.7734,5268.15,"1300x void at::native::vectorized_elementwise_kernel<(int)4, at::n | 600x void gemmSN_NN_kernel<float, (int)256, (int)4, (int)2, (int) | 600x std::enable_if<!T7, void>::type internal::gemvx::kernel<int, | 402x void at::native::vectorized_elementwise_kernel<(int)4, at::n | 400x void gemmSN_NN_kernel<float, (int)256, (int)4, (int)2, (int) | 400x void gemmSN_TN_kernel<float, (int)128, (int)16, (int)2, (int | 400x void at::native::vectorized_elementwise_kernel<(int)4, at::n | 400x void <unnamed>::elementwise_kernel_with_index<int, at::nativ"
ekf,estimation,16384,1,default,A100 SXM4+RTX 4090,0,7803,601,200,8604,4400,0,200,22,39.015,1.7734,5177.83,"1300x void at::native::vectorized_elementwise_kernel<(int)4, at::n | 600x void gemmSN_NN_kernel<float, (int)256, (int)4, (int)2, (int) | 600x std::enable_if<!T7, void>::type internal::gemvx::kernel<int, | 402x void at::native::vectorized_elementwise_kernel<(int)4, at::n | 400x void gemmSN_NN_kernel<float, (int)256, (int)4, (int)2, (int) | 400x void gemmSN_TN_kernel<float, (int)128, (int)16, (int)2, (int | 400x void at::native::vectorized_elementwise_kernel<(int)4, at::n | 400x void <unnamed>::elementwise_kernel_with_index<int, at::nativ"
kalman,estimation,256,1,default,A100 SXM4+RTX 4090,0,6203,601,200,7004,3000,0,200,15,31.015,2.0677,5027.96,"900x void at::native::vectorized_elementwise_kernel<(int)4, at::n | 600x void gemmSN_NN_kernel<float, (int)256, (int)4, (int)2, (int) | 600x std::enable_if<!T7, void>::type internal::gemvx::kernel<int, | 400x void gemmSN_NN_kernel<float, (int)256, (int)4, (int)2, (int) | 400x void gemmSN_TN_kernel<float, (int)128, (int)16, (int)2, (int | 400x void <unnamed>::elementwise_kernel_with_index<int, at::nativ | 202x void at::native::vectorized_elementwise_kernel<(int)4, at::n | 201x void at::native::elementwise_kernel<(int)128, (int)2, void a"
kalman,estimation,1024,1,default,A100 SXM4+RTX 4090,0,6203,601,200,7004,3000,0,200,15,31.015,2.0677,5120.42,"900x void at::native::vectorized_elementwise_kernel<(int)4, at::n | 600x void gemmSN_NN_kernel<float, (int)256, (int)4, (int)2, (int) | 600x std::enable_if<!T7, void>::type internal::gemvx::kernel<int, | 400x void gemmSN_NN_kernel<float, (int)256, (int)4, (int)2, (int) | 400x void gemmSN_TN_kernel<float, (int)128, (int)16, (int)2, (int | 400x void <unnamed>::elementwise_kernel_with_index<int, at::nativ | 202x void at::native::vectorized_elementwise_kernel<(int)4, at::n | 201x void at::native::elementwise_kernel<(int)128, (int)2, void a"
kalman,estimation,4096,1,default,A100 SXM4+RTX 4090,0,6203,601,200,7004,3000,0,200,15,31.015,2.0677,4996.70,"900x void at::native::vectorized_elementwise_kernel<(int)4, at::n | 600x void gemmSN_NN_kernel<float, (int)256, (int)4, (int)2, (int) | 600x std::enable_if<!T7, void>::type internal::gemvx::kernel<int, | 400x void gemmSN_NN_kernel<float, (int)256, (int)4, (int)2, (int) | 400x void gemmSN_TN_kernel<float, (int)128, (int)16, (int)2, (int | 400x void <unnamed>::elementwise_kernel_with_index<int, at::nativ | 202x void at::native::vectorized_elementwise_kernel<(int)4, at::n | 201x void at::native::elementwise_kernel<(int)128, (int)2, void a"
kalman,estimation,16384,1,default,A100 SXM4+RTX 4090,0,6203,601,200,7004,3000,0,200,15,31.015,2.0677,5001.62,"900x void at::native::vectorized_elementwise_kernel<(int)4, at::n | 600x void gemmSN_NN_kernel<float, (int)256, (int)4, (int)2, (int) | 600x std::enable_if<!T7, void>::type internal::gemvx::kernel<int, | 400x void gemmSN_NN_kernel<float, (int)256, (int)4, (int)2, (int) | 400x void gemmSN_TN_kernel<float, (int)128, (int)16, (int)2, (int | 400x void <unnamed>::elementwise_kernel_with_index<int, at::nativ | 202x void at::native::vectorized_elementwise_kernel<(int)4, at::n | 201x void at::native::elementwise_kernel<(int)128, (int)2, void a"
particle_1k,estimation,256,1,default,A100 SXM4+RTX 4090,0,4203,0,0,4203,4000,0,200,20,21.015,1.0508,4853.20,"600x void at::native::elementwise_kernel<(int)128, (int)2, void a | 400x void at::native::reduce_kernel<(int)512, (int)1, at::native: | 400x void at::native::vectorized_elementwise_kernel<(int)4, at::n | 201x void at::native::<unnamed>::distribution_elementwise_grid_st | 201x void at::native::vectorized_elementwise_kernel<(int)4, at::n | 200x void at::native::reduce_kernel<(int)512, (int)1, at::native: | 200x void at::native::<unnamed>::searchsorted_cuda_kernel<float,  | 200x void at::native::_scatter_gather_elementwise_kernel<(int)128"
particle_1k,estimation,256,1,default,A100 SXM4+RTX 4090,1,4203,0,0,4203,4000,0,200,20,21.015,1.0508,4803.73,"600x void at::native::elementwise_kernel<(int)128, (int)2, void a | 400x void at::native::reduce_kernel<(int)512, (int)1, at::native: | 400x void at::native::vectorized_elementwise_kernel<(int)4, at::n | 201x void at::native::<unnamed>::distribution_elementwise_grid_st | 201x void at::native::vectorized_elementwise_kernel<(int)4, at::n | 200x void at::native::reduce_kernel<(int)512, (int)1, at::native: | 200x void at::native::<unnamed>::searchsorted_cuda_kernel<float,  | 200x void at::native::_scatter_gather_elementwise_kernel<(int)128"
particle_1k,estimation,1024,1,default,A100 SXM4+RTX 4090,0,4203,0,0,4203,4000,0,200,20,21.015,1.0508,4849.98,"600x void at::native::elementwise_kernel<(int)128, (int)2, void a | 400x void at::native::reduce_kernel<(int)512, (int)1, at::native: | 400x void at::native::vectorized_elementwise_kernel<(int)4, at::n | 201x void at::native::<unnamed>::distribution_elementwise_grid_st | 201x void at::native::vectorized_elementwise_kernel<(int)4, at::n | 200x void at::native::reduce_kernel<(int)512, (int)1, at::native: | 200x void at::native::<unnamed>::searchsorted_cuda_kernel<float,  | 200x void at::native::_scatter_gather_elementwise_kernel<(int)128"
particle_1k,estimation,1024,1,default,A100 SXM4+RTX 4090,1,4203,0,0,4203,4000,0,200,20,21.015,1.0508,4974.26,"600x void at::native::elementwise_kernel<(int)128, (int)2, void a | 400x void at::native::reduce_kernel<(int)512, (int)1, at::native: | 400x void at::native::vectorized_elementwise_kernel<(int)4, at::n | 201x void at::native::<unnamed>::distribution_elementwise_grid_st | 201x void at::native::vectorized_elementwise_kernel<(int)4, at::n | 200x void at::native::reduce_kernel<(int)512, (int)1, at::native: | 200x void at::native::<unnamed>::searchsorted_cuda_kernel<float,  | 200x void at::native::_scatter_gather_elementwise_kernel<(int)128"
particle_1k,estimation,4096,1,default,A100 SXM4+RTX 4090,0,4203,0,0,4203,4000,0,200,20,21.015,1.0508,4884.57,"600x void at::native::elementwise_kernel<(int)128, (int)2, void a | 400x void at::native::reduce_kernel<(int)512, (int)1, at::native: | 400x void at::native::vectorized_elementwise_kernel<(int)4, at::n | 201x void at::native::<unnamed>::distribution_elementwise_grid_st | 201x void at::native::vectorized_elementwise_kernel<(int)4, at::n | 200x void at::native::reduce_kernel<(int)512, (int)1, at::native: | 200x void at::native::<unnamed>::searchsorted_cuda_kernel<float,  | 200x void at::native::_scatter_gather_elementwise_kernel<(int)128"
particle_1k,estimation,4096,1,default,A100 SXM4+RTX 4090,1,4203,0,0,4203,4000,0,200,20,21.015,1.0508,5128.60,"600x void at::native::elementwise_kernel<(int)128, (int)2, void a | 400x void at::native::reduce_kernel<(int)512, (int)1, at::native: | 400x void at::native::vectorized_elementwise_kernel<(int)4, at::n | 201x void at::native::<unnamed>::distribution_elementwise_grid_st | 201x void at::native::vectorized_elementwise_kernel<(int)4, at::n | 200x void at::native::reduce_kernel<(int)512, (int)1, at::native: | 200x void at::native::<unnamed>::searchsorted_cuda_kernel<float,  | 200x void at::native::_scatter_gather_elementwise_kernel<(int)128"
particle_1k,estimation,16384,1,default,A100 SXM4+RTX 4090,0,4203,0,0,4203,4000,0,200,20,21.015,1.0508,4866.43,"600x void at::native::elementwise_kernel<(int)128, (int)2, void a | 400x void at::native::reduce_kernel<(int)512, (int)1, at::native: | 400x void at::native::vectorized_elementwise_kernel<(int)4, at::n | 201x void at::native::<unnamed>::distribution_elementwise_grid_st | 201x void at::native::vectorized_elementwise_kernel<(int)4, at::n | 200x void at::native::reduce_kernel<(int)512, (int)1, at::native: | 200x void at::native::<unnamed>::searchsorted_cuda_kernel<float,  | 200x void at::native::_scatter_gather_elementwise_kernel<(int)128"
particle_1k,estimation,16384,1,default,A100 SXM4+RTX 4090,1,4203,0,0,4203,4000,0,200,20,21.015,1.0508,5036.31,"600x void at::native::elementwise_kernel<(int)128, (int)2, void a | 400x void at::native::reduce_kernel<(int)512, (int)1, at::native: | 400x void at::native::vectorized_elementwise_kernel<(int)4, at::n | 201x void at::native::<unnamed>::distribution_elementwise_grid_st | 201x void at::native::vectorized_elementwise_kernel<(int)4, at::n | 200x void at::native::reduce_kernel<(int)512, (int)1, at::native: | 200x void at::native::<unnamed>::searchsorted_cuda_kernel<float,  | 200x void at::native::_scatter_gather_elementwise_kernel<(int)128"
ukf,estimation,256,1,default,A100 SXM4+RTX 4090,0,5406,1101,200,6707,4300,0,100,43,54.060,1.2572,5024.21,"1900x void at::native::vectorized_elementwise_kernel<(int)4, at::n | 1301x void at::native::vectorized_elementwise_kernel<(int)4, at::n | 900x void gemmk1_kernel<int, float, (int)256, (int)5, (bool)1, (b | 300x void at::native::elementwise_kernel<(int)128, (int)2, void a | 103x void at::native::vectorized_elementwise_kernel<(int)4, at::n | 100x void kernel<getrf_wo_pivot_params_<float, (int)0, (int)128,  | 100x void at::native::reduce_kernel<(int)512, (int)1, at::native: | 100x void at::native::triu_tril_kernel<float, int, (bool)0, (int)"
ukf,estimation,1024,1,default,A100 SXM4+RTX 4090,0,5406,1101,200,6707,4300,0,100,43,54.060,1.2572,5180.47,"1900x void at::native::vectorized_elementwise_kernel<(int)4, at::n | 1301x void at::native::vectorized_elementwise_kernel<(int)4, at::n | 900x void gemmk1_kernel<int, float, (int)256, (int)5, (bool)1, (b | 300x void at::native::elementwise_kernel<(int)128, (int)2, void a | 103x void at::native::vectorized_elementwise_kernel<(int)4, at::n | 100x void kernel<getrf_wo_pivot_params_<float, (int)0, (int)128,  | 100x void at::native::reduce_kernel<(int)512, (int)1, at::native: | 100x void at::native::triu_tril_kernel<float, int, (bool)0, (int)"
ukf,estimation,4096,1,default,A100 SXM4+RTX 4090,0,5406,1101,200,6707,4300,0,100,43,54.060,1.2572,4974.16,"1900x void at::native::vectorized_elementwise_kernel<(int)4, at::n | 1301x void at::native::vectorized_elementwise_kernel<(int)4, at::n | 900x void gemmk1_kernel<int, float, (int)256, (int)5, (bool)1, (b | 300x void at::native::elementwise_kernel<(int)128, (int)2, void a | 103x void at::native::vectorized_elementwise_kernel<(int)4, at::n | 100x void kernel<getrf_wo_pivot_params_<float, (int)0, (int)128,  | 100x void at::native::reduce_kernel<(int)512, (int)1, at::native: | 100x void at::native::triu_tril_kernel<float, int, (bool)0, (int)"
ukf,estimation,16384,1,default,A100 SXM4+RTX 4090,0,5406,1101,200,6707,4300,0,100,43,54.060,1.2572,5159.53,"1900x void at::native::vectorized_elementwise_kernel<(int)4, at::n | 1301x void at::native::vectorized_elementwise_kernel<(int)4, at::n | 900x void gemmk1_kernel<int, float, (int)256, (int)5, (bool)1, (b | 300x void at::native::elementwise_kernel<(int)128, (int)2, void a | 103x void at::native::vectorized_elementwise_kernel<(int)4, at::n | 100x void kernel<getrf_wo_pivot_params_<float, (int)0, (int)128,  | 100x void at::native::reduce_kernel<(int)512, (int)1, at::native: | 100x void at::native::triu_tril_kernel<float, int, (bool)0, (int)"
filterbank_32ch,filter,256,2048,default,A100 SXM4+RTX 4090,0,1,0,0,1,0,0,0,0,,,4811.45,"1x void implicit_convolve_sgemm<float, float, (int)1024, (int)5"
filterbank_32ch,filter,1024,2048,default,A100 SXM4+RTX 4090,0,1,0,0,1,0,0,0,0,,,5174.07,"1x void implicit_convolve_sgemm<float, float, (int)1024, (int)5"
filterbank_32ch,filter,4096,512,default,A100 SXM4,0,1,0,0,1,0,0,0,0,,,5090.13,"1x void implicit_convolve_sgemm<float, float, (int)1024, (int)5"
filterbank_32ch,filter,4096,1024,default,RTX 4090,0,1,0,0,1,0,0,0,0,,,4911.40,"1x void implicit_convolve_sgemm<float, float, (int)1024, (int)5"
filterbank_32ch,filter,16384,128,default,A100 SXM4+RTX 4090,0,1,0,0,1,0,0,0,0,,,4904.50,"1x void implicit_convolve_sgemm<float, float, (int)1024, (int)5"
fir_direct,filter,256,2048,default,A100 SXM4+RTX 4090,0,1,0,0,1,0,0,0,0,,,4919.88,"1x void cudnn::cnn::conv2d_grouped_direct_kernel<(bool)0, (bool"
fir_direct,filter,1024,2048,default,A100 SXM4+RTX 4090,0,1,0,0,1,0,0,0,0,,,4726.46,"1x void cudnn::cnn::conv2d_grouped_direct_kernel<(bool)0, (bool"
fir_direct,filter,4096,2048,default,A100 SXM4+RTX 4090,0,1,0,0,1,0,0,0,0,,,4823.32,"1x void cudnn::cnn::conv2d_grouped_direct_kernel<(bool)0, (bool"
fir_direct,filter,16384,2048,default,A100 SXM4+RTX 4090,0,1,0,0,1,0,0,0,0,,,4870.68,"1x void cudnn::cnn::conv2d_grouped_direct_kernel<(bool)0, (bool"
fir_fft,filter,256,2048,default,A100 SXM4+RTX 4090,0,7,0,0,7,0,0,0,0,,,4832.60,"1x void at::native::_fft_conjugate_copy_kernel<c10::complex<flo | 1x void at::native::vectorized_elementwise_kernel<(int)4, at::n | 1x void vector_fft<(unsigned int)512, EPT<(unsigned int)8>, (un | 1x void regular_fft_r2c<(unsigned int)512, EPT<(unsigned int)8> | 1x void at::native::elementwise_kernel<(int)128, (int)2, void a | 1x void at::native::elementwise_kernel<(int)128, (int)2, void a | 1x void at::native::vectorized_elementwise_kernel<(int)4, at::n"
fir_fft,filter,1024,2048,default,A100 SXM4+RTX 4090,0,7,0,0,7,0,0,0,0,,,4666.38,"1x void at::native::_fft_conjugate_copy_kernel<c10::complex<flo | 1x void at::native::vectorized_elementwise_kernel<(int)4, at::n | 1x void vector_fft<(unsigned int)2048, EPT<(unsigned int)16>, ( | 1x void at::native::elementwise_kernel<(int)128, (int)2, void a | 1x void regular_fft_r2c<(unsigned int)2048, EPT<(unsigned int)1 | 1x void at::native::elementwise_kernel<(int)128, (int)2, void a | 1x void at::native::vectorized_elementwise_kernel<(int)4, at::n"
fir_fft,filter,4096,1024,default,RTX 4090,0,7,0,0,7,0,0,0,0,,,4854.66,"1x void vector_fft<(unsigned int)8192, EPT<(unsigned int)32>, ( | 1x void at::native::vectorized_elementwise_kernel<(int)4, at::n | 1x void at::native::elementwise_kernel<(int)128, (int)2, void a | 1x void at::native::_fft_conjugate_copy_kernel<c10::complex<flo | 1x void regular_fft_r2c<(unsigned int)8192, EPT<(unsigned int)1 | 1x void at::native::elementwise_kernel<(int)128, (int)2, void a | 1x void at::native::vectorized_elementwise_kernel<(int)4, at::n"
fir_fft,filter,4096,2048,default,A100 SXM4,0,7,0,0,7,0,0,0,0,,,5003.59,"1x void vector_fft<(unsigned int)8192, EPT<(unsigned int)32>, ( | 1x void at::native::vectorized_elementwise_kernel<(int)4, at::n | 1x void at::native::elementwise_kernel<(int)128, (int)2, void a | 1x void at::native::_fft_conjugate_copy_kernel<c10::complex<flo | 1x void regular_fft_r2c<(unsigned int)8192, EPT<(unsigned int)1 | 1x void at::native::elementwise_kernel<(int)128, (int)2, void a | 1x void at::native::vectorized_elementwise_kernel<(int)4, at::n"
fir_fft,filter,16384,256,default,RTX 4090,0,9,0,0,9,0,0,0,0,,,4861.91,"1x void regular_fft_factor<(unsigned int)256, EPT<(unsigned int | 1x void regular_fft_factor<(unsigned int)128, EPT<(unsigned int | 1x void at::native::elementwise_kernel<(int)128, (int)2, void a | 1x void at::native::vectorized_elementwise_kernel<(int)4, at::n | 1x void at::native::_fft_conjugate_copy_kernel<c10::complex<flo | 1x void vector_fft<(unsigned int)16384, EPT<(unsigned int)16>,  | 1x void postprocess_kernel<float, unsigned int, (loadstore_modi | 1x void at::native::elementwise_kernel<(int)128, (int)2, void a"
fir_fft,filter,16384,512,default,A100 SXM4,0,9,0,0,9,0,0,0,0,,,4986.16,"1x void regular_fft_factor<(unsigned int)128, EPT<(unsigned int | 1x void regular_fft_factor<(unsigned int)256, EPT<(unsigned int | 1x void at::native::elementwise_kernel<(int)128, (int)2, void a | 1x void at::native::vectorized_elementwise_kernel<(int)4, at::n | 1x void at::native::_fft_conjugate_copy_kernel<c10::complex<flo | 1x void postprocess_kernel<float, unsigned int, (loadstore_modi | 1x void vector_fft<(unsigned int)16384, EPT<(unsigned int)16>,  | 1x void at::native::elementwise_kernel<(int)128, (int)2, void a"
iir_butter4,filter,1024,1,fallback,A100 SXM4,0,17411,5120,0,22531,5120,0,1024,5,17.003,3.4006,5696.20,"5632x void at::native::unrolled_elementwise_kernel<at::native::Bin | 5120x void at::native::vectorized_elementwise_kernel<(int)4, at::n | 2048x void at::native::vectorized_elementwise_kernel<(int)2, at::n | 2048x void at::native::unrolled_elementwise_kernel<at::native::CUD | 1536x void at::native::vectorized_elementwise_kernel<(int)4, at::n | 1024x void at::native::vectorized_elementwise_kernel<(int)2, at::n | 2x void at::native::elementwise_kernel<(int)128, (int)2, void a | 1x void at::native::vectorized_elementwise_kernel<(int)4, at::n"
iir_butter4,filter,1024,2,fallback,A100 SXM4,0,22531,0,0,22531,10240,0,2048,5,11.001,2.2003,5466.90,"9216x void at::native::elementwise_kernel<(int)128, (int)2, void a | 5120x void at::native::elementwise_kernel<(int)128, (int)2, void a | 4096x void at::native::elementwise_kernel<(int)128, (int)2, void a | 4096x void at::native::vectorized_elementwise_kernel<(int)4, at::n | 2x void at::native::elementwise_kernel<(int)128, (int)2, void a | 1x void at::native::vectorized_elementwise_kernel<(int)4, at::n"
iir_butter4,filter,4096,1,fallback,A100 SXM4,0,69635,20480,0,90115,20480,0,4096,5,17.001,3.4001,7583.14,"22528x void at::native::unrolled_elementwise_kernel<at::native::Bin | 20480x void at::native::vectorized_elementwise_kernel<(int)4, at::n | 8192x void at::native::vectorized_elementwise_kernel<(int)2, at::n | 8192x void at::native::unrolled_elementwise_kernel<at::native::CUD | 6144x void at::native::vectorized_elementwise_kernel<(int)4, at::n | 4096x void at::native::vectorized_elementwise_kernel<(int)2, at::n | 2x void at::native::elementwise_kernel<(int)128, (int)2, void a | 1x void at::native::vectorized_elementwise_kernel<(int)4, at::n"
iir_butter4,filter,4096,2,fallback,A100 SXM4,0,90115,0,0,90115,40960,0,8192,5,11.000,2.2001,7614.45,"36864x void at::native::elementwise_kernel<(int)128, (int)2, void a | 20480x void at::native::elementwise_kernel<(int)128, (int)2, void a | 16384x void at::native::elementwise_kernel<(int)128, (int)2, void a | 16384x void at::native::vectorized_elementwise_kernel<(int)4, at::n | 2x void at::native::elementwise_kernel<(int)128, (int)2, void a | 1x void at::native::vectorized_elementwise_kernel<(int)4, at::n"
iir_butter4,filter,16384,1,fallback,A100 SXM4,0,274647,80778,0,355425,81920,0,16384,5,16.763,3.3526,14521.65,"88855x void at::native::unrolled_elementwise_kernel<at::native::Bin | 80777x void at::native::vectorized_elementwise_kernel<(int)4, at::n | 32311x void at::native::vectorized_elementwise_kernel<(int)2, at::n | 32311x void at::native::unrolled_elementwise_kernel<at::native::CUD | 24234x void at::native::vectorized_elementwise_kernel<(int)4, at::n | 16156x void at::native::vectorized_elementwise_kernel<(int)2, at::n | 2x void at::native::elementwise_kernel<(int)128, (int)2, void a | 1x void at::native::vectorized_elementwise_kernel<(int)4, at::n"
iir_butter4,filter,1024,2,torchaudio,RTX 4090,0,9,0,0,9,0,0,0,0,,,4959.18,"2x void at::native::index_elementwise_kernel<(int)128, (int)4,  | 2x void at::native::elementwise_kernel<(int)128, (int)2, void a | 2x void at::native::vectorized_elementwise_kernel<(int)4, at::n | 1x void iir_cu_kernel<float>(at::GenericPackedTensorAccessor<T1 | 1x void cudnn::cnn::conv2d_grouped_direct_kernel<(bool)0, (bool | 1x void at::native::elementwise_kernel<(int)128, (int)2, void a"
iir_butter4,filter,4096,2,torchaudio,RTX 4090,0,9,0,0,9,0,0,0,0,,,5070.46,"2x void at::native::index_elementwise_kernel<(int)128, (int)4,  | 2x void at::native::elementwise_kernel<(int)128, (int)2, void a | 2x void at::native::vectorized_elementwise_kernel<(int)4, at::n | 1x void iir_cu_kernel<float>(at::GenericPackedTensorAccessor<T1 | 1x void cudnn::cnn::conv2d_grouped_direct_kernel<(bool)0, (bool | 1x void at::native::elementwise_kernel<(int)128, (int)2, void a"
iir_butter4,filter,16384,1,torchaudio,RTX 4090,0,8,1,0,9,0,0,0,0,,,4747.33,"2x void at::native::index_elementwise_kernel<(int)128, (int)4,  | 2x void at::native::elementwise_kernel<(int)128, (int)2, void a | 2x void at::native::vectorized_elementwise_kernel<(int)4, at::n | 1x void iir_cu_kernel<float>(at::GenericPackedTensorAccessor<T1 | 1x void cudnn::cnn::conv2d_grouped_direct_kernel<(bool)0, (bool"
matched_filter,filter,256,2048,default,A100 SXM4+RTX 4090,0,8,0,0,8,0,0,0,0,,,4978.13,"1x void at::native::_fft_conjugate_copy_kernel<c10::complex<flo | 1x void at::native::vectorized_elementwise_kernel<(int)4, at::n | 1x void vector_fft<(unsigned int)512, EPT<(unsigned int)8>, (un | 1x void regular_fft_r2c<(unsigned int)512, EPT<(unsigned int)8> | 1x void at::native::elementwise_kernel<(int)128, (int)2, void a | 1x void at::native::elementwise_kernel<(int)128, (int)2, void a | 1x void at::native::vectorized_elementwise_kernel<(int)4, at::n | 1x void at::native::vectorized_elementwise_kernel<(int)4, at::n"
matched_filter,filter,1024,2048,default,A100 SXM4+RTX 4090,0,8,0,0,8,0,0,0,0,,,4750.98,"1x void at::native::_fft_conjugate_copy_kernel<c10::complex<flo | 1x void at::native::vectorized_elementwise_kernel<(int)4, at::n | 1x void vector_fft<(unsigned int)2048, EPT<(unsigned int)16>, ( | 1x void at::native::elementwise_kernel<(int)128, (int)2, void a | 1x void regular_fft_r2c<(unsigned int)2048, EPT<(unsigned int)1 | 1x void at::native::elementwise_kernel<(int)128, (int)2, void a | 1x void at::native::vectorized_elementwise_kernel<(int)4, at::n | 1x void at::native::vectorized_elementwise_kernel<(int)4, at::n"
matched_filter,filter,4096,2048,default,A100 SXM4+RTX 4090,0,8,0,0,8,0,0,0,0,,,4808.12,"1x void vector_fft<(unsigned int)8192, EPT<(unsigned int)32>, ( | 1x void at::native::vectorized_elementwise_kernel<(int)4, at::n | 1x void at::native::elementwise_kernel<(int)128, (int)2, void a | 1x void at::native::_fft_conjugate_copy_kernel<c10::complex<flo | 1x void regular_fft_r2c<(unsigned int)8192, EPT<(unsigned int)1 | 1x void at::native::elementwise_kernel<(int)128, (int)2, void a | 1x void at::native::vectorized_elementwise_kernel<(int)4, at::n | 1x void at::native::vectorized_elementwise_kernel<(int)4, at::n"
matched_filter,filter,16384,256,default,RTX 4090,0,10,0,0,10,0,0,0,0,,,4876.14,"1x void regular_fft_factor<(unsigned int)256, EPT<(unsigned int | 1x void regular_fft_factor<(unsigned int)128, EPT<(unsigned int | 1x void at::native::vectorized_elementwise_kernel<(int)4, at::n | 1x void at::native::elementwise_kernel<(int)128, (int)2, void a | 1x void at::native::_fft_conjugate_copy_kernel<c10::complex<flo | 1x void vector_fft<(unsigned int)16384, EPT<(unsigned int)16>,  | 1x void postprocess_kernel<float, unsigned int, (loadstore_modi | 1x void at::native::elementwise_kernel<(int)128, (int)2, void a"
matched_filter,filter,16384,512,default,A100 SXM4,0,10,0,0,10,0,0,0,0,,,4684.91,"1x void regular_fft_factor<(unsigned int)256, EPT<(unsigned int | 1x void regular_fft_factor<(unsigned int)128, EPT<(unsigned int | 1x void at::native::elementwise_kernel<(int)128, (int)2, void a | 1x void at::native::vectorized_elementwise_kernel<(int)4, at::n | 1x void at::native::_fft_conjugate_copy_kernel<c10::complex<flo | 1x void postprocess_kernel<float, unsigned int, (loadstore_modi | 1x void vector_fft<(unsigned int)16384, EPT<(unsigned int)16>,  | 1x void at::native::elementwise_kernel<(int)128, (int)2, void a"
median,filter,256,2048,default,A100 SXM4+RTX 4090,0,2,0,0,2,0,0,0,0,,,4928.83,"1x void at::native::<unnamed>::gatherMedian<float, unsigned int | 1x void at::native::elementwise_kernel<(int)128, (int)2, void a"
median,filter,1024,1024,default,A100 SXM4+RTX 4090,0,2,0,0,2,0,0,0,0,,,4717.06,"1x void at::native::<unnamed>::gatherMedian<float, unsigned int | 1x void at::native::elementwise_kernel<(int)128, (int)2, void a"
median,filter,4096,256,default,A100 SXM4+RTX 4090,0,2,0,0,2,0,0,0,0,,,4838.89,"1x void at::native::<unnamed>::gatherMedian<float, unsigned int | 1x void at::native::elementwise_kernel<(int)128, (int)2, void a"
median,filter,16384,64,default,A100 SXM4+RTX 4090,0,2,0,0,2,0,0,0,0,,,5685.58,"1x void at::native::<unnamed>::gatherMedian<float, unsigned int | 1x void at::native::elementwise_kernel<(int)128, (int)2, void a"
savgol,filter,256,2048,default,RTX 4090,0,1,0,0,1,0,0,0,0,,,4914.11,"1x void cudnn::cnn::conv2d_grouped_direct_kernel<(bool)0, (bool"
savgol,filter,1024,2048,default,RTX 4090,0,1,0,0,1,0,0,0,0,,,5036.85,"1x void cudnn::cnn::conv2d_grouped_direct_kernel<(bool)0, (bool"
savgol,filter,4096,2048,default,RTX 4090,0,1,0,0,1,0,0,0,0,,,4832.14,"1x void cudnn::cnn::conv2d_grouped_direct_kernel<(bool)0, (bool"
savgol,filter,16384,2048,default,RTX 4090,0,1,0,0,1,0,0,0,0,,,4717.06,"1x void cudnn::cnn::conv2d_grouped_direct_kernel<(bool)0, (bool"
wiener,filter,256,2048,default,A100 SXM4+RTX 4090,0,10,0,0,10,0,0,0,0,,,4721.28,"1x void at::native::_fft_conjugate_copy_kernel<c10::complex<flo | 1x void at::native::unrolled_elementwise_kernel<at::native::Bin | 1x void at::native::vectorized_elementwise_kernel<(int)4, at::n | 1x abs_kernel_vectorized4_kernel | 1x void vector_fft<(unsigned int)256, EPT<(unsigned int)16>, (u | 1x void regular_fft_r2c<(unsigned int)256, EPT<(unsigned int)8> | 1x void at::native::elementwise_kernel<(int)128, (int)2, void a | 1x void at::native::elementwise_kernel<(int)128, (int)2, void a"
wiener,filter,1024,2048,default,A100 SXM4+RTX 4090,0,10,0,0,10,0,0,0,0,,,4757.53,"1x void at::native::_fft_conjugate_copy_kernel<c10::complex<flo | 1x void at::native::vectorized_elementwise_kernel<(int)4, at::n | 1x abs_kernel_vectorized4_kernel | 1x void at::native::unrolled_elementwise_kernel<at::native::Bin | 1x void regular_fft_r2c<(unsigned int)1024, EPT<(unsigned int)1 | 1x void vector_fft<(unsigned int)1024, EPT<(unsigned int)16>, ( | 1x void at::native::elementwise_kernel<(int)128, (int)2, void a | 1x void at::native::elementwise_kernel<(int)128, (int)2, void a"
wiener,filter,4096,2048,default,A100 SXM4+RTX 4090,0,10,0,0,10,0,0,0,0,,,4840.59,"1x void at::native::unrolled_elementwise_kernel<at::native::Bin | 1x void vector_fft<(unsigned int)4096, EPT<(unsigned int)16>, ( | 1x void at::native::vectorized_elementwise_kernel<(int)4, at::n | 1x abs_kernel_vectorized4_kernel | 1x void at::native::elementwise_kernel<(int)128, (int)2, void a | 1x void at::native::vectorized_elementwise_kernel<(int)4, at::n | 1x void at::native::_fft_conjugate_copy_kernel<c10::complex<flo | 1x void regular_fft_r2c<(unsigned int)4096, EPT<(unsigned int)1"
wiener,filter,16384,512,default,RTX 4090,0,11,0,0,11,0,0,0,0,,,4705.84,"1x void at::native::unrolled_elementwise_kernel<at::native::Bin | 1x void vector_fft<(unsigned int)16384, EPT<(unsigned int)16>,  | 1x void at::native::vectorized_elementwise_kernel<(int)4, at::n | 1x abs_kernel_vectorized4_kernel | 1x void at::native::elementwise_kernel<(int)128, (int)2, void a | 1x void at::native::vectorized_elementwise_kernel<(int)4, at::n | 1x void at::native::_fft_conjugate_copy_kernel<c10::complex<flo | 1x void vector_fft<(unsigned int)8192, EPT<(unsigned int)32>, ("
wiener,filter,16384,1024,default,A100 SXM4,0,11,0,0,11,0,0,0,0,,,4836.61,"1x void at::native::unrolled_elementwise_kernel<at::native::Bin | 1x void vector_fft<(unsigned int)16384, EPT<(unsigned int)16>,  | 1x void at::native::vectorized_elementwise_kernel<(int)4, at::n | 1x abs_kernel_vectorized4_kernel | 1x void at::native::vectorized_elementwise_kernel<(int)4, at::n | 1x void at::native::elementwise_kernel<(int)128, (int)2, void a | 1x void at::native::_fft_conjugate_copy_kernel<c10::complex<flo | 1x void postprocess_kernel<float, unsigned int, (loadstore_modi"
cnn_denoiser,ml_enhanced,256,2048,default,A100 SXM4+RTX 4090,0,10,0,0,10,0,0,0,0,,,4588.21,"3x void at::native::elementwise_kernel<(int)128, (int)2, void a | 2x _5x_cudnn_ampere_scudnn_128x32_relu_small_nn_v1 | 2x void at::native::vectorized_elementwise_kernel<(int)4, at::n | 2x void cask__5x_cudnn::computeOffsetsKernel<(bool)0, (bool)0>( | 1x void cudnn::cnn::conv2d_grouped_direct_kernel<(bool)0, (bool"
cnn_denoiser,ml_enhanced,1024,512,default,A100 SXM4+RTX 4090,0,10,0,0,10,0,0,0,0,,,4646.98,"3x void at::native::elementwise_kernel<(int)128, (int)2, void a | 2x _5x_cudnn_ampere_scudnn_128x32_relu_small_nn_v1 | 2x void at::native::vectorized_elementwise_kernel<(int)4, at::n | 2x void cask__5x_cudnn::computeOffsetsKernel<(bool)0, (bool)0>( | 1x void cudnn::cnn::conv2d_grouped_direct_kernel<(bool)0, (bool"
cnn_denoiser,ml_enhanced,4096,128,default,A100 SXM4+RTX 4090,0,10,0,0,10,0,0,0,0,,,4784.18,"3x void at::native::elementwise_kernel<(int)128, (int)2, void a | 2x _5x_cudnn_ampere_scudnn_128x32_relu_small_nn_v1 | 2x void at::native::vectorized_elementwise_kernel<(int)4, at::n | 2x void cask__5x_cudnn::computeOffsetsKernel<(bool)0, (bool)0>( | 1x void cudnn::cnn::conv2d_grouped_direct_kernel<(bool)0, (bool"
cnn_denoiser,ml_enhanced,16384,32,default,A100 SXM4+RTX 4090,0,10,0,0,10,0,0,0,0,,,4760.88,"3x void at::native::elementwise_kernel<(int)128, (int)2, void a | 2x _5x_cudnn_ampere_scudnn_128x32_relu_small_nn_v1 | 2x void at::native::vectorized_elementwise_kernel<(int)4, at::n | 2x void cask__5x_cudnn::computeOffsetsKernel<(bool)0, (bool)0>( | 1x void cudnn::cnn::conv2d_grouped_direct_kernel<(bool)0, (bool"
lstm_denoiser,ml_enhanced,256,128,default,A100 SXM4+RTX 4090,0,8,0,0,8,0,0,0,0,,,4890.90,"2x void at::native::elementwise_kernel<(int)128, (int)2, void a | 2x void at::native::vectorized_elementwise_kernel<(int)4, at::n | 1x void RNN_blockPersist_fp_LSTM<float, float, float, (int)128> | 1x ampere_sgemm_128x32_tn | 1x std::enable_if<!T7, void>::type internal::gemvx::kernel<int, | 1x void at::native::elementwise_kernel<(int)128, (int)2, void a"
lstm_denoiser,ml_enhanced,1024,1,default,A100 SXM4+RTX 4090,0,6,0,0,6,0,1024,0,0,,,4932.52,"2x void at::native::vectorized_elementwise_kernel<(int)4, at::n | 1x void RNN_blockPersist_fp_LSTM<float, float, float, (int)128> | 1x void gemmk1_kernel<int, float, (int)256, (int)5, (bool)1, (b | 1x std::enable_if<!T7, void>::type internal::gemvx::kernel<int, | 1x void at::native::elementwise_kernel<(int)128, (int)2, void a"
lstm_denoiser,ml_enhanced,4096,1,default,A100 SXM4+RTX 4090,0,6,0,0,6,0,4096,0,0,,,4738.62,"2x void at::native::vectorized_elementwise_kernel<(int)4, at::n | 1x void RNN_blockPersist_fp_LSTM<float, float, float, (int)128> | 1x void gemmk1_kernel<int, float, (int)256, (int)5, (bool)1, (b | 1x void gemv2T_kernel_val<int, int, float, float, float, float, | 1x void at::native::elementwise_kernel<(int)128, (int)2, void a"
lstm_denoiser,ml_enhanced,16384,1,default,A100 SXM4+RTX 4090,0,6,0,0,6,0,16384,0,0,,,4735.90,"2x void at::native::vectorized_elementwise_kernel<(int)4, at::n | 1x void RNN_blockPersist_fp_LSTM<float, float, float, (int)128> | 1x ampere_sgemm_128x32_tn | 1x std::enable_if<!T7, void>::type internal::gemvx::kernel<int, | 1x void at::native::elementwise_kernel<(int)128, (int)2, void a"
transformer_denoiser,ml_enhanced,256,64,default,A100 SXM4+RTX 4090,0,24,0,0,24,0,0,0,0,,,4581.65,"8x ampere_sgemm_32x128_tn | 4x void at::native::<unnamed>::vectorized_layer_norm_kernel<flo | 4x void at::native::vectorized_elementwise_kernel<(int)4, at::n | 2x fmha_cutlassF_f32_aligned_64x64_rf_sm80(PyTorchMemEffAttenti | 2x void cublasLt::epilogue::impl::globalKernel<(int)8, (int)32, | 2x void at::native::elementwise_kernel<(int)128, (int)2, void a | 1x ampere_sgemm_32x128_nn | 1x std::enable_if<!T7, void>::type internal::gemvx::kernel<int,"
transformer_denoiser,ml_enhanced,1024,8,default,A100 SXM4+RTX 4090,0,24,0,0,24,0,0,0,0,,,4665.34,"8x ampere_sgemm_32x128_tn | 4x void at::native::<unnamed>::vectorized_layer_norm_kernel<flo | 4x void at::native::vectorized_elementwise_kernel<(int)4, at::n | 2x fmha_cutlassF_f32_aligned_64x64_rf_sm80(PyTorchMemEffAttenti | 2x void cublasLt::epilogue::impl::globalKernel<(int)8, (int)32, | 2x void at::native::elementwise_kernel<(int)128, (int)2, void a | 1x ampere_sgemm_32x128_nn | 1x std::enable_if<!T7, void>::type internal::gemvx::kernel<int,"
transformer_denoiser,ml_enhanced,4096,1,default,A100 SXM4+RTX 4090,0,24,0,0,24,0,0,0,0,,,4769.79,"8x ampere_sgemm_32x128_tn | 4x void at::native::<unnamed>::vectorized_layer_norm_kernel<flo | 4x void at::native::vectorized_elementwise_kernel<(int)4, at::n | 2x fmha_cutlassF_f32_aligned_64x64_rf_sm80(PyTorchMemEffAttenti | 2x void cublasLt::epilogue::impl::globalKernel<(int)8, (int)32, | 2x void at::native::elementwise_kernel<(int)128, (int)2, void a | 1x std::enable_if<!T7, void>::type internal::gemvx::kernel<int, | 1x void gemmk1_kernel<int, float, (int)256, (int)5, (bool)0, (b"
transformer_denoiser,ml_enhanced,16384,1,default,A100 SXM4+RTX 4090,0,24,0,0,24,0,0,0,0,,,4836.50,"8x ampere_sgemm_32x128_tn | 4x void at::native::<unnamed>::vectorized_layer_norm_kernel<flo | 4x void at::native::vectorized_elementwise_kernel<(int)4, at::n | 2x fmha_cutlassF_f32_aligned_64x64_rf_sm80(PyTorchMemEffAttenti | 2x void cublasLt::epilogue::impl::globalKernel<(int)8, (int)32, | 2x void at::native::elementwise_kernel<(int)128, (int)2, void a | 1x ampere_sgemm_32x128_nn | 1x std::enable_if<!T7, void>::type internal::gemvx::kernel<int,"
esprit,spectral,256,128,default,A100 SXM4,0,19,5,0,24,0,0,0,0,,,4623.29,"4x void at::native::elementwise_kernel<(int)128, (int)2, void a | 2x void at::native::reduce_kernel<(int)512, (int)1, at::native: | 2x void <unnamed>::elementwise_kernel_with_index<int, at::nativ | 2x void at::native::vectorized_elementwise_kernel<(int)4, at::n | 1x void batch_parallel_jacobi_algo1<float2, float, (int)16>(int | 1x ampere_cgemm_32x32_cn | 1x void geqrSolve_batch_kernel<float2, float, (int)8, (int)32,  | 1x void at::native::reduce_kernel<(int)512, (int)1, at::native:"
esprit,spectral,256,128,default,A100 SXM4,1,19,5,0,24,0,0,0,0,,,4749.95,"4x void at::native::elementwise_kernel<(int)128, (int)2, void a | 2x void at::native::reduce_kernel<(int)512, (int)1, at::native: | 2x void <unnamed>::elementwise_kernel_with_index<int, at::nativ | 2x void at::native::vectorized_elementwise_kernel<(int)4, at::n | 1x void batch_parallel_jacobi_algo1<float2, float, (int)16>(int | 1x ampere_cgemm_32x32_cn | 1x void geqrSolve_batch_kernel<float2, float, (int)8, (int)32,  | 1x void at::native::reduce_kernel<(int)512, (int)1, at::native:"
esprit,spectral,256,512,default,RTX 4090,0,19,5,0,24,0,0,0,0,,,4866.67,"4x void at::native::elementwise_kernel<(int)128, (int)2, void a | 2x void at::native::reduce_kernel<(int)512, (int)1, at::native: | 2x void <unnamed>::elementwise_kernel_with_index<int, at::nativ | 2x void at::native::vectorized_elementwise_kernel<(int)4, at::n | 1x void batch_parallel_jacobi_algo1<float2, float, (int)16>(int | 1x ampere_cgemm_32x32_cn | 1x void geqrSolve_batch_kernel<float2, float, (int)8, (int)32,  | 1x void at::native::reduce_kernel<(int)512, (int)1, at::native:"
esprit,spectral,256,512,default,RTX 4090,1,19,5,0,24,0,0,0,0,,,4949.73,"4x void at::native::elementwise_kernel<(int)128, (int)2, void a | 2x void at::native::reduce_kernel<(int)512, (int)1, at::native: | 2x void <unnamed>::elementwise_kernel_with_index<int, at::nativ | 2x void at::native::vectorized_elementwise_kernel<(int)4, at::n | 1x void batch_parallel_jacobi_algo1<float2, float, (int)16>(int | 1x ampere_cgemm_32x32_cn | 1x void geqrSolve_batch_kernel<float2, float, (int)8, (int)32,  | 1x void at::native::reduce_kernel<(int)512, (int)1, at::native:"
esprit,spectral,512,1,default,RTX 4090,0,44,7,2,53,0,0,0,0,,,4855.78,"6x copy_info_kernel(int, int *) | 4x void at::native::elementwise_kernel<(int)128, (int)2, void a | 4x void at::native::vectorized_elementwise_kernel<(int)4, at::n | 2x void ormqr_cta_kernel<float2, (int)4, (int)1>(long long, lon | 2x void at::native::unrolled_elementwise_kernel<at::native::dir | 2x void <unnamed>::elementwise_kernel_with_index<int, at::nativ | 1x void steqr_ker<stedc_params_<float, (int)8, (int)16>, float, | 1x void sytrd4_cta<sytrd_params<float2, (int)16, (int)32, (int)"
esprit,spectral,512,1,default,RTX 4090,1,44,7,2,53,0,0,0,0,,,4768.96,"6x copy_info_kernel(int, int *) | 4x void at::native::elementwise_kernel<(int)128, (int)2, void a | 4x void at::native::vectorized_elementwise_kernel<(int)4, at::n | 2x void ormqr_cta_kernel<float2, (int)4, (int)1>(long long, lon | 2x void at::native::unrolled_elementwise_kernel<at::native::dir | 2x void <unnamed>::elementwise_kernel_with_index<int, at::nativ | 1x void steqr_ker<stedc_params_<float, (int)8, (int)16>, float, | 1x void sytrd4_cta<sytrd_params<float2, (int)16, (int)32, (int)"
esprit,spectral,512,128,default,A100 SXM4,0,19,5,0,24,0,0,0,0,,,5082.51,"4x void at::native::elementwise_kernel<(int)128, (int)2, void a | 2x void at::native::reduce_kernel<(int)512, (int)1, at::native: | 2x void <unnamed>::elementwise_kernel_with_index<int, at::nativ | 2x void at::native::vectorized_elementwise_kernel<(int)4, at::n | 1x void batch_parallel_jacobi_algo1<float2, float, (int)16>(int | 1x ampere_cgemm_32x32_cn | 1x void geqrSolve_batch_kernel<float2, float, (int)8, (int)32,  | 1x void at::native::reduce_kernel<(int)512, (int)1, at::native:"
esprit,spectral,512,128,default,A100 SXM4,1,19,5,0,24,0,0,0,0,,,4715.63,"4x void at::native::elementwise_kernel<(int)128, (int)2, void a | 2x void at::native::reduce_kernel<(int)512, (int)1, at::native: | 2x void <unnamed>::elementwise_kernel_with_index<int, at::nativ | 2x void at::native::vectorized_elementwise_kernel<(int)4, at::n | 1x void batch_parallel_jacobi_algo1<float2, float, (int)16>(int | 1x ampere_cgemm_32x32_cn | 1x void geqrSolve_batch_kernel<float2, float, (int)8, (int)32,  | 1x void at::native::reduce_kernel<(int)512, (int)1, at::native:"
esprit,spectral,1024,2,default,RTX 4090,0,19,5,0,24,0,0,0,0,,,4919.27,"4x void at::native::elementwise_kernel<(int)128, (int)2, void a | 2x void at::native::reduce_kernel<(int)512, (int)1, at::native: | 2x void <unnamed>::elementwise_kernel_with_index<int, at::nativ | 2x void at::native::vectorized_elementwise_kernel<(int)4, at::n | 1x ampere_cgemm_32x32_cn | 1x void batch_parallel_jacobi_algo1<float2, float, (int)16>(int | 1x void geqrSolve_batch_kernel<float2, float, (int)8, (int)32,  | 1x void at::native::reduce_kernel<(int)512, (int)1, at::native:"
esprit,spectral,1024,2,default,RTX 4090,1,19,5,0,24,0,0,0,0,,,4715.68,"4x void at::native::elementwise_kernel<(int)128, (int)2, void a | 2x void at::native::reduce_kernel<(int)512, (int)1, at::native: | 2x void <unnamed>::elementwise_kernel_with_index<int, at::nativ | 2x void at::native::vectorized_elementwise_kernel<(int)4, at::n | 1x ampere_cgemm_32x32_cn | 1x void batch_parallel_jacobi_algo1<float2, float, (int)16>(int | 1x void geqrSolve_batch_kernel<float2, float, (int)8, (int)32,  | 1x void at::native::reduce_kernel<(int)512, (int)1, at::native:"
esprit,spectral,1024,128,default,A100 SXM4,0,19,5,0,24,0,0,0,0,,,5012.05,"4x void at::native::elementwise_kernel<(int)128, (int)2, void a | 2x void at::native::reduce_kernel<(int)512, (int)1, at::native: | 2x void <unnamed>::elementwise_kernel_with_index<int, at::nativ | 2x void at::native::vectorized_elementwise_kernel<(int)4, at::n | 1x ampere_cgemm_32x32_cn | 1x void batch_parallel_jacobi_algo1<float2, float, (int)16>(int | 1x void geqrSolve_batch_kernel<float2, float, (int)8, (int)32,  | 1x void at::native::reduce_kernel<(int)512, (int)1, at::native:"
esprit,spectral,1024,128,default,A100 SXM4,1,19,5,0,24,0,0,0,0,,,4811.19,"4x void at::native::elementwise_kernel<(int)128, (int)2, void a | 2x void at::native::reduce_kernel<(int)512, (int)1, at::native: | 2x void <unnamed>::elementwise_kernel_with_index<int, at::nativ | 2x void at::native::vectorized_elementwise_kernel<(int)4, at::n | 1x ampere_cgemm_32x32_cn | 1x void batch_parallel_jacobi_algo1<float2, float, (int)16>(int | 1x void geqrSolve_batch_kernel<float2, float, (int)8, (int)32,  | 1x void at::native::reduce_kernel<(int)512, (int)1, at::native:"
music,spectral,256,2,default,RTX 4090,0,18,1,0,19,0,0,0,0,,,4942.81,"2x void at::native::elementwise_kernel<(int)128, (int)2, void a | 1x void batch_parallel_jacobi_algo1<float2, float, (int)16>(int | 1x ampere_cgemm_32x32_cn | 1x ampere_cgemm_32x32_nn | 1x ampere_cgemm_32x32_nt | 1x void at::native::reduce_kernel<(int)512, (int)1, at::native: | 1x void cublasLt::splitKreduce_kernel<(int)32, (int)16, int, fl | 1x void syevj_music_kernel<(int)16>(int *)"
music,spectral,256,2,default,RTX 4090,1,18,1,0,19,0,0,0,0,,,4659.14,"2x void at::native::elementwise_kernel<(int)128, (int)2, void a | 1x void batch_parallel_jacobi_algo1<float2, float, (int)16>(int | 1x ampere_cgemm_32x32_cn | 1x ampere_cgemm_32x32_nn | 1x ampere_cgemm_32x32_nt | 1x void at::native::reduce_kernel<(int)512, (int)1, at::native: | 1x void cublasLt::splitKreduce_kernel<(int)32, (int)16, int, fl | 1x void syevj_music_kernel<(int)16>(int *)"
music,spectral,256,2048,default,A100 SXM4,0,16,1,0,17,0,0,0,0,,,4827.99,"1x void batch_parallel_jacobi_algo1<float2, float, (int)16>(int | 1x ampere_cgemm_32x32_cn | 1x ampere_cgemm_32x64_tn | 1x ampere_cgemm_32x32_nt | 1x abs_kernel_vectorized4_kernel | 1x void at::native::vectorized_elementwise_kernel<(int)4, at::n | 1x void at::native::elementwise_kernel<(int)128, (int)2, void a | 1x void at::native::elementwise_kernel<(int)128, (int)2, void a"
music,spectral,256,2048,default,A100 SXM4,1,16,1,0,17,0,0,0,0,,,4791.06,"1x void batch_parallel_jacobi_algo1<float2, float, (int)16>(int | 1x ampere_cgemm_32x32_cn | 1x ampere_cgemm_32x64_tn | 1x ampere_cgemm_32x32_nt | 1x abs_kernel_vectorized4_kernel | 1x void at::native::vectorized_elementwise_kernel<(int)4, at::n | 1x void at::native::elementwise_kernel<(int)128, (int)2, void a | 1x void at::native::elementwise_kernel<(int)128, (int)2, void a"
music,spectral,512,1024,default,RTX 4090,0,16,1,1,18,0,0,0,0,,,4747.07,"1x ampere_cgemm_32x32_cn | 1x void batch_parallel_jacobi_algo1<float2, float, (int)16>(int | 1x ampere_cgemm_32x64_tn | 1x ampere_cgemm_32x32_nt | 1x abs_kernel_vectorized4_kernel | 1x void at::native::elementwise_kernel<(int)128, (int)2, void a | 1x void at::native::elementwise_kernel<(int)128, (int)2, void a | 1x void at::native::reduce_kernel<(int)512, (int)1, at::native:"
music,spectral,512,1024,default,RTX 4090,1,16,1,1,18,0,0,0,0,,,4755.92,"1x ampere_cgemm_32x32_cn | 1x void batch_parallel_jacobi_algo1<float2, float, (int)16>(int | 1x ampere_cgemm_32x64_tn | 1x ampere_cgemm_32x32_nt | 1x abs_kernel_vectorized4_kernel | 1x void at::native::elementwise_kernel<(int)128, (int)2, void a | 1x void at::native::elementwise_kernel<(int)128, (int)2, void a | 1x void at::native::vectorized_elementwise_kernel<(int)4, at::n"
music,spectral,512,2048,default,A100 SXM4,0,16,1,0,17,0,0,0,0,,,4673.21,"1x ampere_cgemm_32x32_cn | 1x void batch_parallel_jacobi_algo1<float2, float, (int)16>(int | 1x ampere_cgemm_32x64_tn | 1x ampere_cgemm_32x32_nt | 1x abs_kernel_vectorized4_kernel | 1x void at::native::vectorized_elementwise_kernel<(int)4, at::n | 1x void at::native::elementwise_kernel<(int)128, (int)2, void a | 1x void at::native::elementwise_kernel<(int)128, (int)2, void a"
music,spectral,512,2048,default,A100 SXM4,1,16,1,0,17,0,0,0,0,,,4830.78,"1x ampere_cgemm_32x32_cn | 1x void batch_parallel_jacobi_algo1<float2, float, (int)16>(int | 1x ampere_cgemm_32x64_tn | 1x ampere_cgemm_32x32_nt | 1x abs_kernel_vectorized4_kernel | 1x void at::native::vectorized_elementwise_kernel<(int)4, at::n | 1x void at::native::elementwise_kernel<(int)128, (int)2, void a | 1x void at::native::elementwise_kernel<(int)128, (int)2, void a"
music,spectral,1024,1024,default,A100 SXM4,0,16,1,1,18,0,0,0,0,,,4768.94,"1x ampere_cgemm_32x32_cn | 1x void batch_parallel_jacobi_algo1<float2, float, (int)16>(int | 1x ampere_cgemm_32x64_tn | 1x ampere_cgemm_32x32_nt | 1x abs_kernel_vectorized4_kernel | 1x void at::native::elementwise_kernel<(int)128, (int)2, void a | 1x void at::native::elementwise_kernel<(int)128, (int)2, void a | 1x void at::native::vectorized_elementwise_kernel<(int)4, at::n"
music,spectral,1024,1024,default,A100 SXM4,1,16,1,1,18,0,0,0,0,,,4830.80,"1x ampere_cgemm_32x32_cn | 1x void batch_parallel_jacobi_algo1<float2, float, (int)16>(int | 1x ampere_cgemm_32x64_tn | 1x ampere_cgemm_32x32_nt | 1x abs_kernel_vectorized4_kernel | 1x void at::native::elementwise_kernel<(int)128, (int)2, void a | 1x void at::native::elementwise_kernel<(int)128, (int)2, void a | 1x void at::native::vectorized_elementwise_kernel<(int)4, at::n"
music,spectral,1024,2048,default,RTX 4090,0,16,1,0,17,0,0,0,0,,,4994.50,"1x ampere_cgemm_32x32_cn | 1x void batch_parallel_jacobi_algo1<float2, float, (int)16>(int | 1x ampere_cgemm_32x64_tn | 1x ampere_cgemm_32x32_nt | 1x abs_kernel_vectorized4_kernel | 1x void at::native::vectorized_elementwise_kernel<(int)4, at::n | 1x void at::native::elementwise_kernel<(int)128, (int)2, void a | 1x void at::native::elementwise_kernel<(int)128, (int)2, void a"
music,spectral,1024,2048,default,RTX 4090,1,16,1,0,17,0,0,0,0,,,4843.57,"1x ampere_cgemm_32x32_cn | 1x void batch_parallel_jacobi_algo1<float2, float, (int)16>(int | 1x ampere_cgemm_32x64_tn | 1x ampere_cgemm_32x32_nt | 1x abs_kernel_vectorized4_kernel | 1x void at::native::vectorized_elementwise_kernel<(int)4, at::n | 1x void at::native::elementwise_kernel<(int)128, (int)2, void a | 1x void at::native::elementwise_kernel<(int)128, (int)2, void a"
periodogram,spectral,256,2048,default,A100 SXM4+RTX 4090,0,6,0,0,6,0,0,0,0,,,4746.57,"1x void at::native::_fft_conjugate_copy_kernel<c10::complex<flo | 1x abs_kernel_vectorized4_kernel | 1x void regular_fft_r2c<(unsigned int)256, EPT<(unsigned int)8> | 1x void at::native::elementwise_kernel<(int)128, (int)2, void a | 1x void at::native::vectorized_elementwise_kernel<(int)4, at::n | 1x void at::native::vectorized_elementwise_kernel<(int)4, void "
periodogram,spectral,1024,2048,default,A100 SXM4+RTX 4090,0,6,0,0,6,0,0,0,0,,,4659.54,"1x void at::native::_fft_conjugate_copy_kernel<c10::complex<flo | 1x abs_kernel_vectorized4_kernel | 1x void regular_fft_r2c<(unsigned int)1024, EPT<(unsigned int)1 | 1x void at::native::elementwise_kernel<(int)128, (int)2, void a | 1x void at::native::vectorized_elementwise_kernel<(int)4, void  | 1x void at::native::vectorized_elementwise_kernel<(int)4, at::n"
periodogram,spectral,4096,2048,default,A100 SXM4+RTX 4090,0,6,0,0,6,0,0,0,0,,,4737.69,"1x abs_kernel_vectorized4_kernel | 1x void at::native::elementwise_kernel<(int)128, (int)2, void a | 1x void at::native::_fft_conjugate_copy_kernel<c10::complex<flo | 1x void regular_fft_r2c<(unsigned int)4096, EPT<(unsigned int)1 | 1x void at::native::vectorized_elementwise_kernel<(int)4, void  | 1x void at::native::vectorized_elementwise_kernel<(int)4, at::n"
periodogram,spectral,16384,1024,default,RTX 4090,0,7,0,0,7,0,0,0,0,,,4792.47,"1x abs_kernel_vectorized4_kernel | 1x void at::native::elementwise_kernel<(int)128, (int)2, void a | 1x void at::native::_fft_conjugate_copy_kernel<c10::complex<flo | 1x void at::native::vectorized_elementwise_kernel<(int)4, at::n | 1x void postprocess_kernel<float, unsigned int, (loadstore_modi | 1x void vector_fft<(unsigned int)8192, EPT<(unsigned int)32>, ( | 1x void at::native::vectorized_elementwise_kernel<(int)4, void "
periodogram,spectral,16384,2048,default,A100 SXM4,0,7,0,0,7,0,0,0,0,,,4810.35,"1x abs_kernel_vectorized4_kernel | 1x void at::native::elementwise_kernel<(int)128, (int)2, void a | 1x void at::native::_fft_conjugate_copy_kernel<c10::complex<flo | 1x void postprocess_kernel<float, unsigned int, (loadstore_modi | 1x void at::native::vectorized_elementwise_kernel<(int)4, at::n | 1x void vector_fft<(unsigned int)8192, EPT<(unsigned int)32>, ( | 1x void at::native::vectorized_elementwise_kernel<(int)4, void "
welch,spectral,256,2048,default,A100 SXM4+RTX 4090,0,7,0,0,7,0,0,0,0,,,4969.20,"1x void at::native::_fft_conjugate_copy_kernel<c10::complex<flo | 1x void at::native::reduce_kernel<(int)128, (int)4, at::native: | 1x abs_kernel_vectorized4_kernel | 1x void regular_fft_r2c<(unsigned int)256, EPT<(unsigned int)8> | 1x void at::native::elementwise_kernel<(int)128, (int)2, void a | 1x void at::native::elementwise_kernel<(int)128, (int)2, void a | 1x void at::native::vectorized_elementwise_kernel<(int)4, void "
welch,spectral,1024,2048,default,A100 SXM4+RTX 4090,0,7,0,0,7,0,0,0,0,,,4855.13,"1x void at::native::_fft_conjugate_copy_kernel<c10::complex<flo | 1x abs_kernel_vectorized4_kernel | 1x void at::native::elementwise_kernel<(int)128, (int)2, void a | 1x void regular_fft_r2c<(unsigned int)256, EPT<(unsigned int)8> | 1x void at::native::elementwise_kernel<(int)128, (int)2, void a | 1x void at::native::reduce_kernel<(int)128, (int)4, at::native: | 1x void at::native::vectorized_elementwise_kernel<(int)4, void "
welch,spectral,4096,2048,default,A100 SXM4+RTX 4090,0,7,0,0,7,0,0,0,0,,,5185.56,"1x abs_kernel_vectorized4_kernel | 1x void at::native::elementwise_kernel<(int)128, (int)2, void a | 1x void regular_fft_r2c<(unsigned int)256, EPT<(unsigned int)8> | 1x void at::native::_fft_conjugate_copy_kernel<c10::complex<flo | 1x void at::native::vectorized_elementwise_kernel<(int)4, void  | 1x void at::native::elementwise_kernel<(int)128, (int)2, void a | 1x void at::native::reduce_kernel<(int)128, (int)4, at::native:"
welch,spectral,16384,512,default,RTX 4090,0,7,0,0,7,0,0,0,0,,,4816.43,"1x abs_kernel_vectorized4_kernel | 1x void at::native::elementwise_kernel<(int)128, (int)2, void a | 1x void regular_fft_r2c<(unsigned int)256, EPT<(unsigned int)8> | 1x void at::native::_fft_conjugate_copy_kernel<c10::complex<flo | 1x void at::native::vectorized_elementwise_kernel<(int)4, void  | 1x void at::native::elementwise_kernel<(int)128, (int)2, void a | 1x void at::native::reduce_kernel<(int)128, (int)4, at::native:"
welch,spectral,16384,1024,default,A100 SXM4,0,7,0,0,7,0,0,0,0,,,4861.55,"1x abs_kernel_vectorized4_kernel | 1x void at::native::elementwise_kernel<(int)128, (int)2, void a | 1x void regular_fft_r2c<(unsigned int)256, EPT<(unsigned int)8> | 1x void at::native::_fft_conjugate_copy_kernel<c10::complex<flo | 1x void at::native::vectorized_elementwise_kernel<(int)4, void  | 1x void at::native::elementwise_kernel<(int)128, (int)2, void a | 1x void at::native::reduce_kernel<(int)128, (int)4, at::native:"
dct,transform,256,2048,default,A100 SXM4+RTX 4090,0,6,0,0,6,0,0,0,0,,,4761.96,"1x void at::native::_fft_conjugate_copy_kernel<c10::complex<flo | 1x void regular_fft_r2c<(unsigned int)256, EPT<(unsigned int)8> | 1x void at::native::elementwise_kernel<(int)128, (int)2, void a | 1x void at::native::<unnamed>::CatArrayBatchedCopy<at::native:: | 1x void at::native::elementwise_kernel<(int)128, (int)2, void a | 1x void at::native::index_elementwise_kernel<(int)128, (int)4, "
dct,transform,1024,2048,default,A100 SXM4+RTX 4090,0,6,0,0,6,0,0,0,0,,,5222.20,"1x void at::native::_fft_conjugate_copy_kernel<c10::complex<flo | 1x void regular_fft_r2c<(unsigned int)1024, EPT<(unsigned int)1 | 1x void at::native::elementwise_kernel<(int)128, (int)2, void a | 1x void at::native::<unnamed>::CatArrayBatchedCopy<at::native:: | 1x void at::native::elementwise_kernel<(int)128, (int)2, void a | 1x void at::native::index_elementwise_kernel<(int)128, (int)4, "
dct,transform,4096,2048,default,A100 SXM4+RTX 4090,0,6,0,0,6,0,0,0,0,,,4847.81,"1x void at::native::elementwise_kernel<(int)128, (int)2, void a | 1x void at::native::elementwise_kernel<(int)128, (int)2, void a | 1x void at::native::_fft_conjugate_copy_kernel<c10::complex<flo | 1x void regular_fft_r2c<(unsigned int)4096, EPT<(unsigned int)1 | 1x void at::native::<unnamed>::CatArrayBatchedCopy<at::native:: | 1x void at::native::index_elementwise_kernel<(int)128, (int)4, "
dct,transform,16384,1024,default,RTX 4090,0,7,0,0,7,0,0,0,0,,,4797.80,"1x void at::native::elementwise_kernel<(int)128, (int)2, void a | 1x void at::native::elementwise_kernel<(int)128, (int)2, void a | 1x void at::native::<unnamed>::CatArrayBatchedCopy<at::native:: | 1x void at::native::_fft_conjugate_copy_kernel<c10::complex<flo | 1x void postprocess_kernel<float, unsigned int, (loadstore_modi | 1x void vector_fft<(unsigned int)8192, EPT<(unsigned int)32>, ( | 1x void at::native::index_elementwise_kernel<(int)128, (int)4, "
dct,transform,16384,2048,default,A100 SXM4,0,7,0,0,7,0,0,0,0,,,4971.24,"1x void at::native::elementwise_kernel<(int)128, (int)2, void a | 1x void at::native::elementwise_kernel<(int)128, (int)2, void a | 1x void at::native::<unnamed>::CatArrayBatchedCopy<at::native:: | 1x void at::native::_fft_conjugate_copy_kernel<c10::complex<flo | 1x void postprocess_kernel<float, unsigned int, (loadstore_modi | 1x void vector_fft<(unsigned int)8192, EPT<(unsigned int)32>, ( | 1x void at::native::index_elementwise_kernel<(int)128, (int)4, "
direct_dft,transform,256,512,default,A100 SXM4+RTX 4090,0,1,0,1,2,0,0,0,0,,,4964.89,1x ampere_cgemm_32x64_nn
direct_dft,transform,512,512,default,A100 SXM4+RTX 4090,0,1,0,0,1,0,0,0,0,,,4884.00,1x ampere_cgemm_64x32_nn
direct_dft,transform,1024,512,default,A100 SXM4+RTX 4090,0,1,0,1,2,0,0,0,0,,,4953.90,1x ampere_cgemm_64x32_nn
direct_dft,transform,2048,512,default,A100 SXM4+RTX 4090,0,1,0,1,2,0,0,0,0,,,4889.82,1x ampere_cgemm_64x32_nn
dst,transform,256,2048,default,A100 SXM4+RTX 4090,0,9,0,0,9,0,0,0,0,,,4915.78,"2x void at::native::elementwise_kernel<(int)128, (int)2, void a | 1x void regular_bluestein_fft<(unsigned int)625, EPT<(unsigned  | 1x void at::native::_fft_conjugate_copy_kernel<c10::complex<flo | 1x void postprocess_kernel<float, unsigned int, (loadstore_modi | 1x void at::native::index_elementwise_kernel<(int)128, (int)4,  | 1x void at::native::elementwise_kernel<(int)128, (int)2, void a | 1x void at::native::vectorized_elementwise_kernel<(int)4, at::n | 1x void at::native::vectorized_elementwise_kernel<(int)4, at::n"
dst,transform,1024,2048,default,A100 SXM4+RTX 4090,0,10,0,0,10,0,0,0,0,,,4783.37,"2x void at::native::elementwise_kernel<(int)128, (int)2, void a | 1x void at::native::_fft_conjugate_copy_kernel<c10::complex<flo | 1x void prime_fft_factor<(unsigned int)41, EPT<(unsigned int)2> | 1x void regular_fft_factor<(unsigned int)25, EPT<(unsigned int) | 1x void postprocess_kernel<float, unsigned int, (loadstore_modi | 1x void at::native::elementwise_kernel<(int)128, (int)2, void a | 1x void at::native::vectorized_elementwise_kernel<(int)4, at::n | 1x void at::native::index_elementwise_kernel<(int)128, (int)4, "
dst,transform,4096,1024,default,A100 SXM4+RTX 4090,0,14,0,0,14,0,0,0,0,,,4807.87,"2x void multi_bluestein_fft<(unsigned int)27, EPT<(unsigned int | 2x void multi_bluestein_fft<(unsigned int)64, EPT<(unsigned int | 2x void multi_bluestein_fft<(unsigned int)5, EPT<(unsigned int) | 2x void at::native::elementwise_kernel<(int)128, (int)2, void a | 1x void at::native::_fft_conjugate_copy_kernel<c10::complex<flo | 1x void postprocess_kernel<float, unsigned int, (loadstore_modi | 1x void at::native::elementwise_kernel<(int)128, (int)2, void a | 1x void at::native::vectorized_elementwise_kernel<(int)4, at::n"
dst,transform,16384,512,default,A100 SXM4+RTX 4090,0,11,0,0,11,0,0,0,0,,,4723.10,"2x void at::native::elementwise_kernel<(int)128, (int)2, void a | 1x void prime_fft_factor<(unsigned int)113, EPT<(unsigned int)2 | 1x void at::native::_fft_conjugate_copy_kernel<c10::complex<flo | 1x void prime_fft_factor<(unsigned int)29, EPT<(unsigned int)2> | 1x void regular_fft_factor<(unsigned int)5, EPT<(unsigned int)5 | 1x void postprocess_kernel<float, unsigned int, (loadstore_modi | 1x void at::native::elementwise_kernel<(int)128, (int)2, void a | 1x void at::native::index_elementwise_kernel<(int)128, (int)4, "
dwt_db4,transform,256,2048,default,RTX 4090,0,2,0,0,2,0,0,0,0,,,4739.99,"2x void cudnn::cnn::conv2d_grouped_direct_kernel<(bool)0, (bool"
dwt_db4,transform,1024,2048,default,RTX 4090,0,2,0,0,2,0,0,0,0,,,4700.96,"2x void cudnn::cnn::conv2d_grouped_direct_kernel<(bool)0, (bool"
dwt_db4,transform,4096,2048,default,RTX 4090,0,2,0,0,2,0,0,0,0,,,5093.13,"2x void cudnn::cnn::conv2d_grouped_direct_kernel<(bool)0, (bool"
dwt_db4,transform,16384,2048,default,RTX 4090,0,2,0,0,2,0,0,0,0,,,4889.68,"2x void cudnn::cnn::conv2d_grouped_direct_kernel<(bool)0, (bool"
dwt_haar,transform,256,2048,default,RTX 4090,0,2,0,0,2,0,0,0,0,,,4777.43,"2x void cudnn::cnn::conv2d_grouped_direct_kernel<(bool)0, (bool"
dwt_haar,transform,1024,2048,default,RTX 4090,0,2,0,0,2,0,0,0,0,,,4747.84,"2x void cudnn::cnn::conv2d_grouped_direct_kernel<(bool)0, (bool"
dwt_haar,transform,4096,2048,default,RTX 4090,0,2,0,0,2,0,0,0,0,,,4797.31,"2x void cudnn::cnn::conv2d_grouped_direct_kernel<(bool)0, (bool"
dwt_haar,transform,16384,2048,default,RTX 4090,0,2,0,0,2,0,0,0,0,,,4854.99,"2x void cudnn::cnn::conv2d_grouped_direct_kernel<(bool)0, (bool"
hilbert,transform,256,2048,default,A100 SXM4+RTX 4090,0,5,0,0,5,0,0,0,0,,,4803.88,"1x void at::native::_fft_conjugate_copy_kernel<c10::complex<flo | 1x void at::native::elementwise_kernel<(int)128, (int)4, void a | 1x void at::native::vectorized_elementwise_kernel<(int)4, at::n | 1x void vector_fft<(unsigned int)256, EPT<(unsigned int)16>, (u | 1x void regular_fft_r2c<(unsigned int)256, EPT<(unsigned int)8>"
hilbert,transform,1024,2048,default,A100 SXM4+RTX 4090,0,5,0,0,5,0,0,0,0,,,4767.85,"1x void at::native::_fft_conjugate_copy_kernel<c10::complex<flo | 1x void at::native::vectorized_elementwise_kernel<(int)4, at::n | 1x void at::native::elementwise_kernel<(int)128, (int)4, void a | 1x void vector_fft<(unsigned int)1024, EPT<(unsigned int)16>, ( | 1x void regular_fft_r2c<(unsigned int)1024, EPT<(unsigned int)1"
hilbert,transform,4096,2048,default,A100 SXM4+RTX 4090,0,5,0,0,5,0,0,0,0,,,5019.66,"1x void vector_fft<(unsigned int)4096, EPT<(unsigned int)16>, ( | 1x void at::native::vectorized_elementwise_kernel<(int)4, at::n | 1x void at::native::elementwise_kernel<(int)128, (int)4, void a | 1x void at::native::_fft_conjugate_copy_kernel<c10::complex<flo | 1x void regular_fft_r2c<(unsigned int)4096, EPT<(unsigned int)1"
hilbert,transform,16384,512,default,RTX 4090,0,6,0,0,6,0,0,0,0,,,4883.71,"1x void vector_fft<(unsigned int)16384, EPT<(unsigned int)16>,  | 1x void at::native::vectorized_elementwise_kernel<(int)4, at::n | 1x void at::native::elementwise_kernel<(int)128, (int)4, void a | 1x void at::native::_fft_conjugate_copy_kernel<c10::complex<flo | 1x void vector_fft<(unsigned int)8192, EPT<(unsigned int)32>, ( | 1x void postprocess_kernel<float, unsigned int, (loadstore_modi"
hilbert,transform,16384,1024,default,A100 SXM4,0,6,0,0,6,0,0,0,0,,,4833.57,"1x void vector_fft<(unsigned int)16384, EPT<(unsigned int)16>,  | 1x void at::native::vectorized_elementwise_kernel<(int)4, at::n | 1x void at::native::elementwise_kernel<(int)128, (int)4, void a | 1x void at::native::_fft_conjugate_copy_kernel<c10::complex<flo | 1x void postprocess_kernel<float, unsigned int, (loadstore_modi | 1x void vector_fft<(unsigned int)8192, EPT<(unsigned int)32>, ("
stft,transform,256,2048,default,A100 SXM4+RTX 4090,0,3,0,0,3,0,0,0,0,,,4799.83,"1x void vector_fft_symm_r2c<(unsigned int)256, EPT<(unsigned in | 1x void at::native::elementwise_kernel<(int)128, (int)2, void a | 1x void at::native::<unnamed>::reflection_pad1d_out_kernel<floa"
stft,transform,1024,2048,default,A100 SXM4+RTX 4090,0,3,0,0,3,0,0,0,0,,,4833.95,"1x void vector_fft_symm_r2c<(unsigned int)256, EPT<(unsigned in | 1x void at::native::elementwise_kernel<(int)128, (int)2, void a | 1x void at::native::<unnamed>::reflection_pad1d_out_kernel<floa"
stft,transform,4096,2048,default,A100 SXM4+RTX 4090,0,3,0,0,3,0,0,0,0,,,4955.28,"1x void vector_fft_symm_r2c<(unsigned int)256, EPT<(unsigned in | 1x void at::native::elementwise_kernel<(int)128, (int)2, void a | 1x void at::native::<unnamed>::reflection_pad1d_out_kernel<floa"
stft,transform,16384,1024,default,RTX 4090,0,3,0,0,3,0,0,0,0,,,4987.47,"1x void vector_fft_symm_r2c<(unsigned int)256, EPT<(unsigned in | 1x void at::native::elementwise_kernel<(int)128, (int)2, void a | 1x void at::native::<unnamed>::reflection_pad1d_out_kernel<floa"
stft,transform,16384,2048,default,A100 SXM4,0,3,0,0,3,0,0,0,0,,,5096.63,"1x void vector_fft_symm_r2c<(unsigned int)256, EPT<(unsigned in | 1x void at::native::elementwise_kernel<(int)128, (int)2, void a | 1x void at::native::<unnamed>::reflection_pad1d_out_kernel<floa"
