algorithm,category,signal_length,batch_size,precision,iterations,duration_s,idle_power_w,idle_power_std_w,mean_power_w,power_std_w,delta_power_w,total_energy_j,delta_energy_j,energy_per_call_j,mean_temp_c,max_temp_c,mean_clock_mhz,time_per_call_us,power_samples,idle_samples,idle_temp_c,thermal_wait_s,thermal_timed_out,gpu_name
fft,transform,256,2048,fp32,266897,10.000015258789062,74.9766,0.035744090420656904,125.93831,8.625112292248723,50.96171,1259.3850216661071,509.6178776139831,0.0019094177814437147,36.82,38,1369,37.46769449933518,200,40,33.0,5.013906955718994,False,NVIDIA A100-SXM4-40GB
fft,transform,1024,2048,fp32,185531,10.000022172927856,75.27530000000002,0.02785157087131817,199.189165,18.298500992370247,123.91386499999999,1991.8960666069854,1239.1413975331889,0.006678891384907045,42.925,45,1402,53.89946786751463,200,40,34.0,5.0057597160339355,False,NVIDIA A100-SXM4-40GB
fft,transform,4096,2048,fp32,66213,10.000036001205444,75.26360000000003,0.035744090420656904,309.252035,35.781566387509855,233.98843499999995,3092.531483446046,2339.8927738657194,0.035338872636275644,49.625,53,1398,151.02828751461865,200,40,36.0,5.005679607391357,False,NVIDIA A100-SXM4-40GB
fft,transform,16384,2048,fp32,14589,10.000596046447754,76.22155000000001,0.12792086420908783,329.023425,35.29422514058603,252.80187499999997,3290.4303632436986,2528.169431659579,0.17329285294808272,51.95,55,1402,685.488796109929,200,40,39.0,5.005630970001221,False,NVIDIA A100-SXM4-40GB
direct_dft,transform,256,512,fp32,204238,10.00002121925354,76.68305000000001,0.09886732271079461,155.06145,13.663240356427167,78.3784,1550.6177902882218,783.7856631311416,0.00383760937304097,44.84,46,1398,48.962588838774074,200,40,40.0,7.007929563522339,False,NVIDIA A100-SXM4-40GB
direct_dft,transform,512,512,fp32,82791,10.00006890296936,76.01289999999999,0.02370000000000232,194.36997499999998,17.974696944159447,118.357075,1943.7131426684318,1183.5789051539123,0.014295985133093117,46.835,48,1401,120.78690803311181,200,40,38.0,6.006925344467163,False,NVIDIA A100-SXM4-40GB
direct_dft,transform,1024,512,fp32,31807,10.000033617019653,76.126175,0.08681586476560445,247.95377499999998,28.193393637240177,171.82759999999996,2479.5460854669273,1718.2817763318058,0.05402212646058433,50.545,53,1398,314.3972590002092,200,40,38.0,6.006937265396118,False,NVIDIA A100-SXM4-40GB
direct_dft,transform,2048,512,fp32,10164,10.000471830368042,76.37225,0.16300318248426698,306.82955000000004,34.573032553820035,230.45730000000003,3068.440271499503,2304.6817367526774,0.22674948216771718,54.66,57,1402,983.9110419488431,200,40,39.0,6.006734609603882,False,NVIDIA A100-SXM4-40GB
dct,transform,256,2048,fp32,76121,10.000021934509277,76.91565,0.10875811463978036,91.38882,1.4889128274012549,14.473169999999996,913.8902045689201,144.7320174618816,0.0019013415149811697,39.69,40,1095,131.37008098303068,200,40,40.0,7.007681369781494,False,NVIDIA A100-SXM4-40GB
dct,transform,1024,2048,fp32,72994,10.000072002410889,76.396,0.07008566187174266,211.272615,18.7742531472433,134.87661500000002,2112.741362137635,1348.7758614414527,0.01847790039512087,45.22,47,1399,136.9985478588773,200,40,38.0,5.005669832229614,False,NVIDIA A100-SXM4-40GB
dct,transform,4096,2048,fp32,21474,10.00017762184143,76.15225000000001,0.025796075282880734,280.060355,24.919100379808558,203.908105,2800.653294835967,2039.1172685330928,0.09495749597341402,48.67,51,1400,465.68769776666807,200,40,38.0,6.006651401519775,False,NVIDIA A100-SXM4-40GB
dct,transform,16384,2048,fp32,5455,10.000246047973633,76.437625,0.0748964910726801,301.87642,26.890560517839717,225.438795,3018.8384760814283,2254.443418758688,0.41328018675686307,50.55,53,1400,1833.2256733223892,200,40,40.0,7.007850170135498,False,NVIDIA A100-SXM4-40GB
dst,transform,256,2048,fp32,65013,10.000127077102661,77.037,0.0,150.725805,12.438119662029909,73.688805,1507.2772037985958,736.897414159838,0.01133461637149244,44.545,45,1400,153.8173454094206,200,40,41.0,6.006651878356934,False,NVIDIA A100-SXM4-40GB
dst,transform,1024,2048,fp32,40520,10.000137329101562,76.4579,0.10636089506956885,264.513705,25.021003173493565,188.05580500000002,2645.1733754294587,1880.5838755347445,0.04641125063017632,49.365,52,1402,246.7950969669685,200,40,39.0,5.005205392837524,False,NVIDIA A100-SXM4-40GB
dst,transform,4096,1024,fp32,9792,10.0006582736969,76.7347,0.07323462295936112,320.639,33.14372719384468,243.9043,3206.6010682199003,2439.2035557852505,0.24910167032120614,52.54,55,1405,1021.3090557288501,200,40,40.0,6.006590843200684,False,NVIDIA A100-SXM4-40GB
dst,transform,16384,512,fp32,8318,10.000604391098022,77.3577,0.13684337762566662,330.88991999999996,34.02683747328864,253.53221999999997,3309.099186922073,2535.4754326168295,0.30481791688108073,54.51,57,1400,1202.284730836502,200,40,41.0,7.007885217666626,False,NVIDIA A100-SXM4-40GB
stft,transform,256,2048,fp32,112493,10.000089883804321,77.89507499999999,0.1620028375523088,104.1266,3.2894941298017244,26.231525000000005,1041.275359294939,262.3176077892602,0.0023318571625724283,41.84,42,1095,88.89521911411663,200,40,42.0,6.006909608840942,False,NVIDIA A100-SXM4-40GB
stft,transform,1024,2048,fp32,100446,10.0000638961792,76.5322,0.05038213969255151,249.407535,24.70582812270771,172.875335,2494.09128618855,1728.7643960733844,0.01721088342067762,48.34,50,1398,99.55661645241423,200,40,39.0,5.0057690143585205,False,NVIDIA A100-SXM4-40GB
stft,transform,4096,2048,fp32,35570,10.000020027160645,76.71544999999999,0.10610724527571119,326.41744,30.18328367203277,249.70199000000002,3264.180937214508,2497.024900821867,0.07020030646111518,52.61,55,1400,281.1363516210471,200,40,39.0,7.007694959640503,False,NVIDIA A100-SXM4-40GB
stft,transform,16384,2048,fp32,10417,10.000807046890259,77.29780000000001,0.1477821369448995,364.7112,34.28824466460773,287.4134,3647.406339039803,2874.365956090689,0.27593030201504165,55.64,59,1401,960.0467550053047,200,40,41.0,7.007683992385864,False,NVIDIA A100-SXM4-40GB
hilbert,transform,256,2048,fp32,129168,10.000027656555176,77.71365,0.08275703897554486,138.66245500000002,9.237420962475133,60.94880500000002,1386.6283849258377,609.4897356339886,0.004718581503421812,44.7,45,1398,77.41876979248092,200,40,42.0,8.00876522064209,False,NVIDIA A100-SXM4-40GB
hilbert,transform,1024,2048,fp32,88519,10.000087022781372,76.710775,0.13139529814647047,246.974525,24.798006986235308,170.26375000000002,2469.7667424100937,1702.652316825092,0.019234879707464972,49.025,51,1400,112.97107991257666,200,40,40.0,5.005548715591431,False,NVIDIA A100-SXM4-40GB
hilbert,transform,4096,2048,fp32,21167,10.000425577163696,76.88354999999999,0.08073256777782005,294.51168,25.43726195992014,217.62813000000003,2945.2421374454498,2176.3739175623064,0.1028191958030097,50.98,53,1401,472.4536106752821,200,40,40.0,6.006704568862915,False,NVIDIA A100-SXM4-40GB
hilbert,transform,16384,1024,fp32,9714,10.000756740570068,77.2415,0.1627705440182622,298.12359,24.392157284297344,220.88208999999998,2981.461502215447,2208.9880504387042,0.22740251703095576,51.77,54,1403,1029.519944468815,200,40,41.0,6.00664758682251,False,NVIDIA A100-SXM4-40GB
fir_direct,filter,256,2048,fp32,179697,10.00001311302185,77.363325,0.11860973558270953,211.26228000000003,17.661011120589897,133.89895500000003,2112.6255702868943,1338.991305819923,0.0074513837505351945,49.53,51,1400,55.64930473531473,200,40,41.0,7.007680177688599,False,NVIDIA A100-SXM4-40GB
fir_direct,filter,1024,2048,fp32,75632,10.000085592269897,77.02574999999999,0.08898532182331878,295.44750000000005,28.83743206927413,218.42175000000006,2954.500288022161,2184.236195213378,0.02887978891492196,54.88,57,1400,132.22029818423283,200,40,40.0,6.006556987762451,False,NVIDIA A100-SXM4-40GB
fir_direct,filter,4096,2048,fp32,21688,10.000164270401001,77.271,0.11424184872453537,352.358445,31.19540848966359,275.087445,3523.6423320630565,2750.9196387249003,0.1268406325491009,58.71,62,1402,461.092044928117,200,40,41.0,6.006681203842163,False,NVIDIA A100-SXM4-40GB
fir_direct,filter,16384,2048,fp32,5730,10.000053644180298,77.64895,0.07687423170347812,367.28935500000006,48.445291714045595,289.64040500000004,3672.9132529363815,2896.4195875221076,0.5054833486076976,60.52,64,1400,1745.2100600663698,200,40,42.0,8.008974075317383,False,NVIDIA A100-SXM4-40GB
fir_fft,filter,256,2048,fp32,98960,10.000094413757324,78.27529999999999,0.15706243981296014,182.49644,16.96815987832505,104.22114000000002,1824.9816301745986,1042.2212399094203,0.010531742521315888,47.55,48,1399,101.05188372834806,200,40,43.0,7.007822513580322,False,NVIDIA A100-SXM4-40GB
fir_fft,filter,1024,2048,fp32,37092,10.000065326690674,77.32090000000001,0.11080338442484773,267.93365,30.183378441246433,190.61275,2679.3540032186747,1906.1399521001579,0.05138951666397493,50.385,52,1400,269.6016749350446,200,40,41.0,5.005714416503906,False,NVIDIA A100-SXM4-40GB
fir_fft,filter,4096,2048,fp32,9810,10.000145435333252,77.363,0.0,298.59046,33.17261763967987,221.22746,2985.948025603056,2212.3067742893695,0.22551547138525682,52.125,54,1403,1019.3828170574162,200,40,41.0,6.0065929889678955,False,NVIDIA A100-SXM4-40GB
fir_fft,filter,16384,512,fp32,7961,10.000194072723389,77.752775,0.13457887789322487,290.59318,29.519358881208788,212.84040500000003,2905.988196209841,2128.4453565170456,0.26735904490855994,51.87,54,1402,1256.1479804953383,200,40,42.0,6.006534814834595,False,NVIDIA A100-SXM4-40GB
median,filter,256,2048,fp32,11966,10.000770807266235,77.67080000000001,0.12685487771465076,231.18470500000004,21.316671960181193,153.51390500000002,2312.025248850457,1535.2573796334425,0.12830163627222485,51.615,53,1405,835.7655697197255,200,40,42.0,6.006549835205078,False,NVIDIA A100-SXM4-40GB
median,filter,1024,1024,fp32,5976,10.001560688018799,77.316,0.03999999999999915,237.2475,21.348041167282773,159.9315,2372.84526933074,1599.5646031758786,0.26766475956758345,51.29,53,1403,1673.6212664020748,200,40,41.0,6.006558656692505,False,NVIDIA A100-SXM4-40GB
median,filter,4096,256,fp32,5957,10.001546859741211,77.275,0.04938623289946293,236.63183,22.626634133938257,159.35683,2366.684336251316,1593.8148026648141,0.26755326551365016,51.02,53,1402,1678.9570018031243,200,40,41.0,6.006724119186401,False,NVIDIA A100-SXM4-40GB
median,filter,16384,64,fp32,5958,10.001506567001343,77.140375,0.07068581452455762,236.69188000000003,21.057315025795663,159.55150500000002,2367.275392175894,1595.7554250324479,0.2678340760376717,50.67,52,1403,1678.6684402486308,200,40,40.0,7.007864475250244,False,NVIDIA A100-SXM4-40GB
wiener,filter,256,2048,fp32,71064,10.00005578994751,77.063825,0.05333848868312599,134.278455,7.848864824799508,57.214630000000014,1342.7920413879563,572.1494920012046,0.008051186142086072,42.79,43,1398,140.71901089085205,200,40,40.0,6.006841659545898,False,NVIDIA A100-SXM4-40GB
wiener,filter,1024,2048,fp32,53209,10.000036001205444,76.32385,0.030093645508645014,244.75330000000002,21.043421389593473,168.42945000000003,2447.5418114138365,1684.3005636632327,0.03165442995852643,47.765,50,1403,187.93880736727706,200,40,38.0,5.005595445632935,False,NVIDIA A100-SXM4-40GB
wiener,filter,4096,2048,fp32,11494,10.000341176986694,76.80535,0.17110385004435108,279.23995,24.627812392242635,202.43460000000002,2792.4947702447057,2024.4150660268308,0.1761279855600166,49.27,52,1398,870.0488234719588,200,40,40.0,5.005682945251465,False,NVIDIA A100-SXM4-40GB
wiener,filter,16384,1024,fp32,5590,10.000929832458496,77.09994999999999,0.09065565343650701,284.27191999999997,29.992350387617176,207.17197,2842.9835252582548,2071.9123352221964,0.37064621381434637,50.17,52,1403,1789.0751041965111,200,40,40.0,7.007745027542114,False,NVIDIA A100-SXM4-40GB
matched_filter,filter,256,2048,fp32,89081,10.000020980834961,77.288,0.093037626796904,171.66779,15.718824468321419,94.37979,1716.68150173357,943.7998801667976,0.01059485053116599,45.39,46,1397,112.25761925477892,200,40,41.0,6.006672143936157,False,NVIDIA A100-SXM4-40GB
matched_filter,filter,1024,2048,fp32,36642,10.00021505355835,76.6446,0.13673620588563998,264.88167,27.136234757075268,188.23707,2648.873663745675,1882.4111810517168,0.05137304680562515,49.04,51,1398,272.91673635604906,200,40,39.0,6.006833553314209,False,NVIDIA A100-SXM4-40GB
matched_filter,filter,4096,2048,fp32,9782,10.000352382659912,76.917,0.0,297.60388,30.052623896518586,220.68688,2976.1436704468347,2206.946566229782,0.22561302046920692,51.295,54,1402,1022.3218546984167,200,40,40.0,6.006722688674927,False,NVIDIA A100-SXM4-40GB
matched_filter,filter,16384,512,fp32,7937,10.000081062316895,77.30482500000001,0.11846220652596474,288.971815,29.824810863788812,211.66699,2889.741574724841,2116.6870582166193,0.26668603480113634,51.115,53,1400,1259.9320980618488,200,40,41.0,7.007763385772705,False,NVIDIA A100-SXM4-40GB
filterbank_32ch,filter,256,2048,fp32,31920,10.00009822845459,77.42027499999999,0.035274627921493315,302.78155000000004,29.473929031730737,225.36127500000003,3027.845241763735,2253.634886889768,0.07060259670707293,53.6,56,1402,313.2862853525874,200,40,41.0,7.007694721221924,False,NVIDIA A100-SXM4-40GB
filterbank_32ch,filter,1024,2048,fp32,9053,10.000051498413086,77.479675,0.14157813876089775,333.25111499999997,37.59364376196826,255.77143999999998,3332.528311903581,2557.7275718232727,0.2825281753919444,55.605,58,1398,1104.6118964335674,200,40,42.0,6.006791114807129,False,NVIDIA A100-SXM4-40GB
filterbank_32ch,filter,4096,512,fp32,9075,10.000975847244263,77.7124,0.07408535617785507,334.721525,34.919836315329064,257.009125,3347.5418870777667,2570.3420516463816,0.2832332839279759,55.845,59,1402,1102.0359060324256,200,40,42.0,8.008873462677002,False,NVIDIA A100-SXM4-40GB
filterbank_32ch,filter,16384,128,fp32,9046,10.000022649765015,78.1007,0.09632709899088875,331.70462,41.69700410036194,253.60391999999996,3317.053713031697,2536.0449440691946,0.2803498722163602,56.32,59,1399,1105.4634810706407,200,40,43.0,6.006952285766602,False,NVIDIA A100-SXM4-40GB
lms,adaptive,256,1,fp32,665,10.0114426612854,78.20335,0.16336776762875016,80.09812,0.3860478540284885,1.894769999999994,801.8977356567573,18.96938121132368,0.028525385280185982,40.76,42,1095,15054.800994414136,200,40,43.0,6.006701469421387,False,NVIDIA A100-SXM4-40GB
lms,adaptive,1024,1,fp32,663,10.009744644165039,76.58795,0.09668685277740861,78.910765,0.3627614364496317,2.3228149999999914,789.876607325716,23.25078500563613,0.035069057323734734,38.0,38,1095,15097.654063597345,200,40,39.0,5.005435228347778,False,NVIDIA A100-SXM4-40GB
lms,adaptive,4096,1,fp32,662,10.012904644012451,75.7658,0.08171633863555264,78.29013499999999,0.2960921592595781,2.5243349999999936,783.9116563218616,25.275925644543108,0.03818115656275394,36.575,37,1095,15125.233601227268,200,40,37.0,5.005557537078857,False,NVIDIA A100-SXM4-40GB
lms,adaptive,16384,1,fp32,662,10.009807109832764,75.201175,0.055323542683016466,77.90349999999998,0.21660457058889654,2.7023249999999734,779.7990081808565,27.04975199807856,0.040860652565073353,36.0,36,1095,15120.554546575171,200,40,36.0,5.005676031112671,False,NVIDIA A100-SXM4-40GB
nlms,adaptive,256,1,fp32,397,10.022350311279297,75.31410000000001,0.08130000000000023,78.18516000000001,0.2959177155899928,2.87106,783.5990626634217,28.77476908470154,0.07248052666171673,35.0,35,1095,25245.214889872284,200,40,35.0,5.005524635314941,False,NVIDIA A100-SXM4-40GB
nlms,adaptive,1024,1,fp32,396,10.002347230911255,75.29925,0.10696488909918084,78.06166,0.2966421824353382,2.7624100000000027,780.7998287413359,27.630584014141586,0.0697742020559131,35.0,35,1095,25258.45260331125,200,40,35.0,5.0055437088012695,False,NVIDIA A100-SXM4-40GB
nlms,adaptive,4096,1,fp32,398,10.007735013961792,75.08892499999999,0.10785647581392448,77.88264,0.3666775291724319,2.793715000000006,779.4288233077812,27.958759424530328,0.07024813925761389,35.0,35,1095,25145.062849150232,200,40,35.0,5.005470514297485,False,NVIDIA A100-SXM4-40GB
nlms,adaptive,16384,1,fp32,398,10.00053596496582,74.984975,0.12974079687978185,77.88866499999999,0.3591473970043494,2.9036899999999832,778.9283955956744,29.038456276111436,0.07296094541736542,34.03,35,1095,25126.974786346284,200,40,34.0,5.005686044692993,False,NVIDIA A100-SXM4-40GB
rls,adaptive,256,1,fp32,506,10.015380620956421,75.083425,0.17272317266365905,77.01073,0.2582432905227152,1.9273049999999898,771.2917728477072,19.30269314767231,0.038147614916348445,34.0,34,1095,19793.24233390597,200,40,34.0,5.005602598190308,False,NVIDIA A100-SXM4-40GB
rls,adaptive,1024,1,fp32,508,10.013554573059082,74.866175,0.03438159936652081,76.977695,0.2803771423903878,2.1115199999999987,770.8203497907972,21.1438207521057,0.04162169439390886,34.0,34,1095,19711.721600510005,200,40,34.0,5.0056679248809814,False,NVIDIA A100-SXM4-40GB
rls,adaptive,4096,1,fp32,508,10.01170015335083,74.96489999999999,0.038804510047159645,76.96643,0.20144643233375928,2.0015300000000167,770.564819033866,20.038718207936455,0.039446295684914284,34.0,34,1095,19708.071168013445,200,40,34.0,5.0055413246154785,False,NVIDIA A100-SXM4-40GB
rls,adaptive,16384,1,fp32,507,10.003839254379272,75.02345,0.1124579810418098,77.03138,0.25892113780068243,2.0079300000000018,770.6095430630064,20.08700895404579,0.039619347049399976,34.0,34,1095,19731.438371556753,200,40,34.0,5.005567789077759,False,NVIDIA A100-SXM4-40GB
apa_p4,adaptive,256,1,fp32,269,10.001016855239868,74.83345,0.027494499449889326,77.01992000000001,0.2831829684144159,2.186470000000014,770.2775181092263,21.866923323476456,0.08128967778244035,34.0,34,1095,37178.5013205943,200,40,34.0,5.005741596221924,False,NVIDIA A100-SXM4-40GB
apa_p4,adaptive,1024,1,fp32,270,10.014483451843262,74.815375,0.05129507164436069,77.14152,0.28679717502095453,2.326144999999997,772.5324754900361,23.295140609087913,0.08627829855217746,34.0,34,1095,37090.67945127134,200,40,34.0,5.005645275115967,False,NVIDIA A100-SXM4-40GB
apa_p4,adaptive,4096,1,fp32,269,10.009450912475586,74.93865,0.09626020725097117,77.06179,0.2611010645324906,2.1231400000000065,771.346204232502,21.25146561031348,0.07900173089335867,34.0,34,1095,37209.85469321779,200,40,34.0,5.005422830581665,False,NVIDIA A100-SXM4-40GB
apa_p4,adaptive,16384,1,fp32,269,10.011821508407593,74.873875,0.03727746470724551,77.07085000000001,0.29704963810784213,2.196975000000009,771.6195937012554,21.99572155843386,0.08176848162986565,34.0,34,1095,37218.667317500345,200,40,34.0,5.005540132522583,False,NVIDIA A100-SXM4-40GB
kalman,estimation,256,1,fp32,108,10.09156608581543,74.768,0.042174636927896796,76.77816831683168,0.2408806478755171,2.010168316831681,774.8119595171673,20.285746412919277,0.18783098530480813,34.0,34,1095,93440.42672051323,202,40,34.0,5.005444049835205,False,NVIDIA A100-SXM4-40GB
kalman,estimation,1024,1,fp32,108,10.00179934501648,74.83512500000002,0.12999099728442473,76.833845,0.3040743839507021,1.9987199999999774,768.4767005960977,19.99079638687111,0.18509996654510288,34.0,34,1095,92609.25319459704,200,40,34.0,5.0055131912231445,False,NVIDIA A100-SXM4-40GB
kalman,estimation,4096,1,fp32,108,10.006339073181152,74.7535,0.13536266102585312,76.81039999999999,0.24489177201367876,2.0568999999999846,768.5909067466735,20.582038839626158,0.1905744337002422,34.0,34,1095,92651.2877146403,200,40,34.0,5.005480051040649,False,NVIDIA A100-SXM4-40GB
kalman,estimation,16384,1,fp32,107,10.044787645339966,74.8296,0.030799999999999272,76.75292039800995,0.22186162518155272,1.923320398009949,770.9667865576922,19.319344971960682,0.1805546259061746,34.0,34,1095,93876.52004990622,201,40,34.0,5.005514621734619,False,NVIDIA A100-SXM4-40GB
ekf,estimation,256,1,fp32,96,10.091713190078735,74.864175,0.07631640960501178,76.97012871287129,0.2887422250761182,2.1059537128712833,776.7604631737412,21.252680861878414,0.22138209231123349,34.0,34,1095,105122.01239665349,202,40,34.0,5.005488634109497,False,NVIDIA A100-SXM4-40GB
ekf,estimation,1024,1,fp32,96,10.007809162139893,74.60245,0.027494499449889326,76.91924499999999,0.28832277914691307,2.316794999999985,769.793124855883,23.186042227799742,0.2415212732062473,34.0,34,1095,104248.01210562389,200,40,34.0,5.005551815032959,False,NVIDIA A100-SXM4-40GB
ekf,estimation,4096,1,fp32,97,10.097519874572754,74.961425,0.07294720265369986,77.04039603960396,0.28857372307207946,2.0789710396039567,777.9169301548571,20.992451391062133,0.21641702465012508,34.0,34,1095,104098.14303683251,202,40,34.0,5.005460977554321,False,NVIDIA A100-SXM4-40GB
ekf,estimation,16384,1,fp32,96,10.014647245407104,74.61592500000002,0.012021621146916635,76.97431,0.1835372003164476,2.358384999999984,770.8705616086125,23.618393843859277,0.24602493587353413,34.0,34,1095,104319.24213965733,200,40,34.0,5.005542755126953,False,NVIDIA A100-SXM4-40GB
ukf,estimation,256,1,fp32,103,10.032843112945557,74.7834,0.030799999999999272,76.89722388059701,0.2995496862860906,2.1138238805970104,771.4977830150804,21.207663362427567,0.20589964429541327,34.0,34,1095,97406.2438150054,201,40,34.0,5.005492210388184,False,NVIDIA A100-SXM4-40GB
ukf,estimation,1024,1,fp32,103,10.024535894393921,74.804,0.0,76.76914427860697,0.2707893640474007,1.9651442786069708,769.5750424028013,19.699659358558428,0.19125882872386823,34.0,34,1095,97325.59120770797,201,40,34.0,5.005563497543335,False,NVIDIA A100-SXM4-40GB
ukf,estimation,4096,1,fp32,103,10.039018154144287,74.70725,0.07083210783253656,76.79338308457712,0.24511231563521463,2.0861330845771136,770.9301669042264,20.942727908030662,0.20332745541777342,34.0,34,1095,97466.19567130375,201,40,34.0,5.0054638385772705,False,NVIDIA A100-SXM4-40GB
ukf,estimation,16384,1,fp32,103,10.029812097549438,74.94749999999999,0.1476153786026352,76.72403980099502,0.24959563000057325,1.7765398009950246,769.5277025688844,17.81836038779797,0.1729937901727958,34.0,34,1095,97376.81648106252,201,40,34.0,5.005532741546631,False,NVIDIA A100-SXM4-40GB
particle_1k,estimation,256,1,fp32,202,10.02426791191101,74.76415,0.016781760932631198,80.33838308457712,0.7884854538656041,5.574233084577116,805.3334756495407,55.877605843239124,0.27662181110514417,34.0,34,1159,49625.08867282679,201,40,34.0,5.005534410476685,False,NVIDIA A100-SXM4-40GB
particle_1k,estimation,1024,1,fp32,202,10.045045852661133,74.691,0.0,79.89282089552238,0.940150071518537,5.201820895522374,802.5270491939657,52.25252941285304,0.2586758881824408,34.0,34,1151,49727.94976564917,201,40,34.0,5.005502939224243,False,NVIDIA A100-SXM4-40GB
particle_1k,estimation,4096,1,fp32,201,10.048561573028564,74.68715,0.016781760932631198,80.1482039800995,0.715447571139097,5.461053980099493,805.3741626616828,54.87573717266246,0.2730136177744401,34.0,34,1155,49992.84364690828,201,40,34.0,5.005495071411133,False,NVIDIA A100-SXM4-40GB
particle_1k,estimation,16384,1,fp32,200,10.007086992263794,74.756,0.07810185657204106,79.93615999999999,0.795160533728882,5.1801599999999866,799.9281069475172,51.83831175384508,0.2591915587692254,34.0,34,1149,50035.43496131897,200,40,34.0,5.005404949188232,False,NVIDIA A100-SXM4-40GB
periodogram,spectral,256,2048,fp32,104092,10.000036239624023,74.8364,0.0997699353512846,102.03007,3.3406602992671983,27.193669999999997,1020.3043975313758,271.9376854883766,0.0026124744023400125,35.77,36,1249,96.06921031034108,200,40,34.0,5.005404472351074,False,NVIDIA A100-SXM4-40GB
periodogram,spectral,1024,2048,fp32,91698,10.000016689300537,74.90074999999999,0.06664223510657323,219.11144000000002,20.666837141333453,144.21069000000003,2191.1180568166733,1442.1093067755464,0.015726725847625318,42.825,45,1398,109.053814579386,200,40,34.0,5.0055177211761475,False,NVIDIA A100-SXM4-40GB
periodogram,spectral,4096,2048,fp32,22548,10.000206470489502,75.206125,0.04247775152947259,268.75372,26.805579216864537,193.547595,2687.592689712124,1935.5159118666816,0.08583980450003023,46.185,49,1400,443.50747163781716,200,40,36.0,6.006658554077148,False,NVIDIA A100-SXM4-40GB
periodogram,spectral,16384,2048,fp32,5600,10.001515626907349,76.00489999999999,0.165566874706267,285.68974000000003,28.62356832336597,209.68484000000004,2857.3303990570976,2097.1662039855673,0.3744939649974227,48.27,51,1398,1785.9849333763123,200,40,38.0,7.007783889770508,False,NVIDIA A100-SXM4-40GB
welch,spectral,256,2048,fp32,88365,10.000043392181396,76.6505,0.10035063527452205,126.66823000000001,6.750994194716803,50.017730000000014,1266.6877964108135,500.1794703784133,0.005660379905827118,41.77,42,1400,113.16746893205904,200,40,40.0,5.005633592605591,False,NVIDIA A100-SXM4-40GB
welch,spectral,1024,2048,fp32,48495,10.000139236450195,75.80805000000001,0.042966818592957756,250.66781500000002,24.361242953937612,174.859765,2506.713052096739,1748.6219968529606,0.036057779087595845,47.235,49,1402,206.20969659656038,200,40,38.0,5.005458354949951,False,NVIDIA A100-SXM4-40GB
welch,spectral,4096,2048,fp32,11792,10.000773668289185,76.28164999999998,0.09676635520675592,290.06361000000004,27.863101633125844,213.78196000000005,2900.860513016904,2137.9849963232523,0.18130808991886468,49.585,52,1397,848.098174040806,200,40,39.0,6.006664514541626,False,NVIDIA A100-SXM4-40GB
welch,spectral,16384,1024,fp32,6034,10.00085163116455,76.83445,0.12620755722222238,302.26739999999995,26.136588913628337,225.43294999999995,3022.931420337867,2254.521485725736,0.3736363085392337,50.92,53,1400,1657.4165779192163,200,40,40.0,7.007704973220825,False,NVIDIA A100-SXM4-40GB
music,spectral,256,2048,fp32,8024,10.000163555145264,77.07584999999999,0.1091074126721003,224.311315,19.415050403122187,147.23546500000003,2243.149837269709,1472.3787311178664,0.18349685083722164,49.88,51,1402,1246.281599594375,200,40,41.0,6.006830930709839,False,NVIDIA A100-SXM4-40GB
music,spectral,512,2048,fp32,6704,10.00009036064148,76.89515000000002,0.08752615323433562,230.579415,23.78968693704848,153.68426499999998,2305.8149853038517,1536.8565370087706,0.22924471017433928,49.68,51,1398,1491.6602566589318,200,40,40.0,6.006782054901123,False,NVIDIA A100-SXM4-40GB
music,spectral,1024,1024,fp32,7870,10.001253604888916,76.9007,0.07105005277971464,207.46958999999998,21.52511085086207,130.56888999999998,2074.9559848923254,1305.852581798844,0.16592790111802339,47.85,49,1400,1270.8073195538648,200,40,40.0,6.006695747375488,False,NVIDIA A100-SXM4-40GB
esprit,spectral,256,128,fp32,9292,10.00058889389038,76.62065,0.11877827031911178,81.20694999999999,0.660542540265198,4.586299999999994,812.1173222767114,45.8657008440494,0.004936041847185687,38.28,39,1095,1076.2579524204027,200,40,39.0,6.006706237792969,False,NVIDIA A100-SXM4-40GB
esprit,spectral,512,128,fp32,8917,10.00086760520935,76.0879,0.016999705879809267,82.31834500000001,0.5095644178855119,6.230445000000003,823.2548698249471,62.3098555665386,0.006987759960360951,37.0,37,1095,1121.5507014925818,200,40,37.0,5.005665302276611,False,NVIDIA A100-SXM4-40GB
esprit,spectral,1024,128,fp32,8010,10.000400304794312,75.9045,0.1138604408914678,83.68189999999998,0.6582480915278076,7.777399999999986,836.8524982657669,77.77711333050713,0.0097100016642331,36.0,36,1109,1248.4894263163935,200,40,36.0,5.005520582199097,False,NVIDIA A100-SXM4-40GB
svd,decomposition,256,1,fp32,4420,10.000566482543945,75.497,0.10084195555422545,100.45022499999999,4.463410891277546,24.95322499999999,1004.5591532989978,249.54638556637752,0.05645845827293609,36.82,37,1400,2262.571602385508,200,40,35.0,5.00573992729187,False,NVIDIA A100-SXM4-40GB
svd,decomposition,512,1,fp32,4009,10.000145196914673,75.5728,0.10807108771545022,101.03759000000002,4.531776898954758,25.464790000000022,1010.3905703463342,254.651597408941,0.06351997939858843,36.83,37,1400,2494.423845576122,200,40,35.0,5.005495548248291,False,NVIDIA A100-SXM4-40GB
svd,decomposition,1024,1,fp32,5219,10.001537561416626,75.57849999999999,0.0485546084321579,101.64332,4.051790386680929,26.06482000000001,1016.5894828470898,260.68827626156343,0.04994985174584469,36.85,37,1403,1916.3704850386332,200,40,35.0,5.00559663772583,False,NVIDIA A100-SXM4-40GB
pca,decomposition,256,1,fp32,7423,10.000435829162598,75.45975000000001,0.13512748610109138,98.02527000000002,4.118327509693712,22.565520000000006,980.2954222713377,225.66503471168525,0.03040078603148124,36.1,37,1400,1347.2229326636937,200,40,35.0,5.005748271942139,False,NVIDIA A100-SXM4-40GB
pca,decomposition,512,1,fp32,7364,10.001100540161133,75.287,0.0,98.378685,4.034864005858808,23.091685,983.8951196938419,230.9422633267307,0.03136098089716604,35.965,36,1402,1358.1070804129731,200,40,35.0,5.005606412887573,False,NVIDIA A100-SXM4-40GB
pca,decomposition,1024,1,fp32,7210,10.000731229782104,75.47654999999999,0.12230289244331156,98.80061000000002,4.565786674593986,23.32406000000003,988.0783459485223,233.2576552473119,0.03235196327979361,35.955,36,1398,1387.0639708435651,200,40,35.0,5.005733966827393,False,NVIDIA A100-SXM4-40GB
fastica,decomposition,256,1,fp32,852,10.000098466873169,75.50104999999999,0.10809554801193433,97.05339,3.7776209044714903,21.55234,970.5434565438437,215.5255221915293,0.25296422792433015,35.95,36,1400,11737.204773325317,200,40,35.0,5.005690574645996,False,NVIDIA A100-SXM4-40GB
fastica,decomposition,512,1,fp32,856,10.00337529182434,75.315625,0.09122408878689921,97.27919000000001,3.975541418964215,21.963565000000017,973.1202456546856,219.70978344137805,0.2566703077586192,35.935,36,1399,11686.186088579838,200,40,35.0,5.005643606185913,False,NVIDIA A100-SXM4-40GB
fastica,decomposition,1024,1,fp32,850,10.001527070999146,75.45989999999999,0.10084141014484242,97.75320999999998,4.5078547387754195,22.29330999999999,977.6813760920642,222.96714346717587,0.26231428643197163,35.93,36,1397,11766.502436469582,200,40,35.0,5.005494594573975,False,NVIDIA A100-SXM4-40GB
nmf,decomposition,256,1,fp32,1399,10.00693130493164,75.388275,0.08153771749932671,97.49282499999998,4.45339132059771,22.10454999999999,975.6040024987219,221.19871337642658,0.1581120181389754,35.925,36,1398,7152.917301595168,200,40,35.0,5.005626201629639,False,NVIDIA A100-SXM4-40GB
nmf,decomposition,512,1,fp32,1388,10.006890773773193,75.09425,0.13347260954968007,98.398665,3.489955514440692,23.30441499999999,984.6646929400991,233.20473545168153,0.1680149390862259,35.945,36,1402,7209.575485427373,200,40,35.0,5.00568962097168,False,NVIDIA A100-SXM4-40GB
nmf,decomposition,1024,1,fp32,1338,10.005585670471191,75.22945,0.04170668411657282,99.85065,3.8349713229045155,24.6212,999.0642328272343,246.34952590980532,0.1841177323690623,35.95,36,1400,7478.01619616681,200,40,35.0,5.005580425262451,False,NVIDIA A100-SXM4-40GB
jpeg_q50,compression,4096,2048,fp32,10426,10.000544548034668,75.33420000000001,0.08729295504220248,230.06252,18.16837382402729,154.72832,2300.750480093117,1547.3674570025635,0.14841429666243655,44.71,47,1403,959.1928398268433,200,40,35.0,5.005663871765137,False,NVIDIA A100-SXM4-40GB
jpeg_q50,compression,16384,1024,fp32,5384,10.001075506210327,76.0313,0.08071994796826985,238.52101000000002,18.868253792015302,162.48971,2385.4666308275487,1625.0718586922194,0.30183355473481044,46.92,49,1403,1857.5548859974606,200,40,37.0,5.0056984424591064,False,NVIDIA A100-SXM4-40GB
mdct_audio,compression,4096,1,fp32,9707,10.000386953353882,76.195525,0.22453563052442213,79.00027,0.3468025765475234,2.804744999999997,790.0332694194341,28.048535305484503,0.0028895163598933247,37.16,38,1095,1030.2242663391246,200,40,38.0,6.006857633590698,False,NVIDIA A100-SXM4-40GB
mdct_audio,compression,16384,1,fp32,2298,10.003312587738037,75.83490000000002,0.042543977247080894,78.55812000000002,0.34669409513287064,2.7232199999999978,785.8414306650354,27.241220905179954,0.011854317191113992,36.0,36,1095,4353.051604759808,200,40,36.0,5.005654573440552,False,NVIDIA A100-SXM4-40GB
mdct_audio,compression,65536,1,fp32,1431,10.001418352127075,75.400825,0.10897107127581893,78.21755999999999,0.35203445342750234,2.816734999999994,782.2865400426006,28.1713451220786,0.019686474578671277,35.0,35,1095,6989.111357181743,200,40,35.0,5.00558614730835,False,NVIDIA A100-SXM4-40GB
cnn_denoiser,ml_enhanced,256,2048,fp32,8297,10.000573873519897,75.22595,0.07764436553929434,285.86186000000004,31.933044078515284,210.63591000000002,2858.782648551803,2106.4799783710887,0.2538845339726514,46.92,50,1400,1205.3240778016027,200,40,35.0,5.00578498840332,False,NVIDIA A100-SXM4-40GB
cnn_denoiser,ml_enhanced,1024,512,fp32,8313,10.000957012176514,76.44550000000001,0.08244361709677875,289.42203,26.426636025213273,212.97653,2894.4972804068616,2129.9691211325216,0.2562214749347434,49.41,52,1400,1203.0502841545187,200,40,38.0,5.005669832229614,False,NVIDIA A100-SXM4-40GB
cnn_denoiser,ml_enhanced,4096,128,fp32,8271,10.00018310546875,76.58914999999999,0.03855875386990758,289.604235,30.193599556028012,213.01508500000003,2896.095378119202,2130.18985422699,0.2575492509040007,50.395,53,1398,1209.0657847260004,200,40,39.0,7.008042335510254,False,NVIDIA A100-SXM4-40GB
cnn_denoiser,ml_enhanced,16384,32,fp32,8274,10.000241756439209,76.679,0.0,292.93087499999996,24.306801475705825,216.25187499999996,2929.379567925274,2162.5710302832717,0.26136947429094415,51.41,54,1403,1208.634488329612,200,40,40.0,6.006773233413696,False,NVIDIA A100-SXM4-40GB
lstm_denoiser,ml_enhanced,256,128,fp32,7381,10.001007795333862,77.09222500000001,0.12475686103377158,192.684955,14.808414770763783,115.59272999999999,1927.0437369985546,1156.0437938139223,0.15662427771493326,47.25,48,1398,1354.966507970988,200,40,41.0,6.005980730056763,False,NVIDIA A100-SXM4-40GB
lstm_denoiser,ml_enhanced,1024,1,fp32,4522,10.000694036483765,76.79639999999999,0.04933548418734956,102.03300000000002,3.3787662748405665,25.236600000000024,1020.4008146245482,252.3835151211264,0.05581236513072234,39.97,40,1403,2211.5643601246716,200,40,40.0,5.005603075027466,False,NVIDIA A100-SXM4-40GB
lstm_denoiser,ml_enhanced,4096,1,fp32,1215,10.00016474723816,75.8409,0.15819352072698964,101.362965,3.849191603931272,25.522064999999998,1013.6463492685353,255.22485468972084,0.21006160879812416,38.82,39,1403,8230.588269331818,200,40,38.0,5.005673170089722,False,NVIDIA A100-SXM4-40GB
lstm_denoiser,ml_enhanced,16384,1,fp32,311,10.022871017456055,75.5843,0.07510599177163094,101.24461194029851,3.876415519812793,25.660311940298513,1014.7616866900032,257.1899968452995,0.8269774818176833,37.89054726368159,38,1402,32227.881085067704,201,40,37.0,5.005608320236206,False,NVIDIA A100-SXM4-40GB
transformer_denoiser,ml_enhanced,256,64,fp32,7234,10.000718593597412,75.23610000000001,0.08130000000000023,215.84368999999998,19.630299121610445,140.60758999999996,2158.5920038936756,1406.1769397139212,0.1943844262806084,45.405,47,1398,1382.4604082938088,200,40,36.0,5.005666732788086,False,NVIDIA A100-SXM4-40GB
transformer_denoiser,ml_enhanced,1024,8,fp32,7201,10.000190258026123,75.66720000000001,0.051739346729543195,244.72446,24.801670016722664,169.05725999999999,2447.2911607927035,1690.6047645005892,0.23477360984593657,48.82,51,1397,1388.722435498698,200,40,38.0,5.0055787563323975,False,NVIDIA A100-SXM4-40GB
transformer_denoiser,ml_enhanced,4096,1,fp32,4553,10.001012325286865,76.15420000000002,0.023400000000000882,256.150665,24.954148758328245,179.996465,2561.765957795427,1800.146864973066,0.39537598615705377,50.75,53,1402,2196.576394747829,200,40,39.0,6.00674295425415,False,NVIDIA A100-SXM4-40GB
transformer_denoiser,ml_enhanced,16384,1,fp32,430,10.013953447341919,76.71645000000001,0.1614176183072976,343.2724099999999,36.39958029623281,266.5559599999999,3437.513933496868,2669.278974551534,6.20762552221287,56.89,60,1400,23288.263831027718,200,40,40.0,7.007985830307007,False,NVIDIA A100-SXM4-40GB
