algorithm,category,signal_length,batch_size,precision,iterations,duration_s,idle_power_w,idle_power_std_w,mean_power_w,power_std_w,delta_power_w,total_energy_j,delta_energy_j,energy_per_call_j,mean_temp_c,max_temp_c,idle_temp_c,mean_clock_mhz,time_per_call_us,idle_load_pct,active_load_pct,gpu_idle_power_w,gpu_active_power_w,power_samples,idle_samples,thermal_wait_s,load_wait_s,cpu_name
fft,transform,256,1,fp32,1104214,5.000001099999963,15.677128547579297,4.694908381394239,29.127272727272725,10.595118164778524,13.450144179693428,145.63639567636255,67.25073569362524,6.0903715850030196e-05,79.0,88.0,50.0,1906.0363636363638,4.528108772393724,4.540066777963272,4.322727272727274,469.89816360601003,593.5,44,599,7.126668930053711,3.053328275680542,Intel Core i9-14900HX
fft,transform,1024,1,fp32,523773,5.000005799999826,12.406379310344828,1.899812330364876,29.832608695652176,12.362657607998177,17.426229385307348,149.16321650738612,87.13124799866415,0.0001663530727980712,79.7919254658385,95.0,50.0,2569.5130434782614,9.54613124387822,3.0679310344827586,9.079813664596273,593.5,593.5,322,580,6.111385107040405,3.0627973079681396,Intel Core i9-14900HX
fft,transform,4096,1,fp32,177790,5.0000007999999525,11.740255009107468,1.0277749006692878,28.025949367088604,14.142342296016226,16.285694357981136,140.12976925620117,81.42848481846039,0.0004580037393467596,74.82911392405063,88.0,50.0,1903.5170886075953,28.12307103886581,3.262295081967213,4.342721518987342,593.5,593.5,316,549,9.10451054573059,3.0288922786712646,Intel Core i9-14900HX
fft,transform,16384,1,fp32,42705,5.000006400000075,11.645018450184503,1.189251950854662,28.59294478527608,12.471338155038513,16.94792633509158,142.9649069212292,84.73974014218771,0.0019843048856618127,75.08588957055214,92.0,49.0,2016.1674846625767,117.08245872848788,3.1333948339483393,4.727607361963191,593.5,593.5,326,542,5.052369594573975,3.040841579437256,Intel Core i9-14900HX
direct_dft,transform,256,1,fp32,47484,5.000038599999925,15.239478260869566,2.641828695851239,37.19411764705882,15.731084648601101,21.95463938618925,185.9720239282325,109.77404438002492,0.0023118112286249037,68.6470588235294,73.0,50.0,2775.3352941176468,105.29943981130329,5.332173913043479,9.176470588235295,593.5,593.5,34,575,5.039860486984253,3.040168285369873,Intel Core i9-14900HX
direct_dft,transform,1024,1,fp32,34422,5.000067499999886,12.042662116040956,0.589980978317445,71.05333333333333,47.06002100093228,59.01067121729237,355.27146276665854,295.0573393067623,0.008571766292102791,71.66666666666667,84.0,51.0,2440.936842105263,145.25790192318536,3.235494880546075,9.555438596491227,593.5,593.5,285,586,24.310174703598022,3.058706045150757,Intel Core i9-14900HX
direct_dft,transform,4096,1,fp32,2037,5.0001735999999255,16.75731292517007,3.79563358034301,54.69999999999998,29.706968879372397,37.94268707482991,273.50949591999586,189.72002222462294,0.09313697703712466,64.96363636363637,69.0,54.0,2985.474545454545,2454.675306823724,6.55170068027211,34.81363636363637,593.5,593.5,220,588,17.19826912879944,3.034393548965454,Intel Core i9-14900HX
direct_dft,transform,16384,1,fp32,145,5.005944600000021,13.913022508038587,1.3208959480605251,57.826744186046504,31.687991726081876,43.91372167800792,289.4774777937221,219.82965789992758,1.5160666062063972,62.0,66.0,54.0,3353.822093023255,34523.755862069105,6.402893890675241,47.21220930232558,593.5,593.5,172,622,52.47487664222717,3.050506114959717,Intel Core i9-14900HX
dct,transform,256,1,fp32,1010051,5.000000300000011,14.035096153846156,0.8138636428886452,33.18212290502794,15.301714730890938,19.147026751181784,165.9106244797769,95.73513950001714,9.478248078564067e-05,68.08938547486034,84.0,50.0,2660.312849162011,4.950245383648955,7.090384615384615,7.362011173184358,593.5,593.5,179,624,32.23290276527405,3.058133840560913,Intel Core i9-14900HX
dct,transform,1024,1,fp32,872939,5.0000062000001435,13.801510067114096,2.300528331841047,29.236792452830187,14.057585916049485,15.435282385716091,146.18414353226834,77.17650762733346,8.84099663634383e-05,67.29559748427673,88.0,50.0,1585.5132075471697,5.7277841865240795,3.553523489932886,4.79182389937107,473.2511744966443,593.5,318,596,25.28803062438965,3.017305612564087,Intel Core i9-14900HX
dct,transform,4096,1,fp32,388672,5.000003399999969,12.264371772805509,0.4850120137928165,31.75436893203883,12.625646396594924,19.48999715923332,158.77195262504753,97.45005206215633,0.000250725681454173,69.2135922330097,83.0,49.0,1914.4524271844662,12.86432621850807,4.37710843373494,8.033009708737861,593.5,593.5,309,581,7.1102821826934814,3.0480427742004395,Intel Core i9-14900HX
dct,transform,16384,1,fp32,95484,5.000016199999891,12.12478184991274,0.36175859424244583,28.218322981366462,10.198164171413971,16.093541131453723,141.09207204366155,80.46796637263319,0.0008427376981759581,77.3913043478261,87.0,50.0,2208.808695652174,52.364963763561335,3.77783595113438,4.430745341614907,593.5,593.5,322,573,9.136733293533325,3.053516387939453,Intel Core i9-14900HX
dst,transform,256,1,fp32,1000415,5.000003399999969,11.918588640275386,1.0429991531813676,30.543930635838148,14.010282377445739,18.625341995562763,152.71975702855394,93.12677330397602,9.308814172516008e-05,71.15028901734104,86.0,51.0,1950.9606936416183,4.997929259357336,2.9999999999999996,4.357803468208093,593.5,593.5,173,581,10.164889097213745,3.0304598808288574,Intel Core i9-14900HX
dst,transform,1024,1,fp32,829971,5.000001299999894,12.643936731107205,1.3800623898445603,27.134394904458603,13.121289713368105,14.490458173351398,135.6720097970035,72.45230970435108,8.729498946872972e-05,76.5732484076433,88.0,51.0,2127.5808917197455,6.024308439692344,4.614235500878735,4.350955414012739,593.5,593.5,314,569,7.075062036514282,3.036928653717041,Intel Core i9-14900HX
dst,transform,4096,1,fp32,358324,5.000002599999789,12.029965753424658,1.3750003731724703,26.9765625,11.129265224335061,14.946596746575342,134.8828826390568,74.73302259402509,0.0002085627046863316,76.4125,87.0,53.0,2336.4075000000003,13.953859077259098,3.3974315068493146,5.639062500000001,593.5,593.5,320,584,5.07504415512085,3.0410611629486084,Intel Core i9-14900HX
dst,transform,16384,1,fp32,87271,5.0000254000001405,13.200331125827814,1.882518011212939,37.20031347962383,8.81262808104563,23.999982353796014,186.00251228608676,120.00052136853523,0.0013750331882129829,81.39184952978056,88.0,53.0,2499.42131661442,57.293091634106865,4.051655629139073,7.792476489028215,593.5,593.5,319,604,13.156429767608643,3.045466423034668,Intel Core i9-14900HX
dwt_haar,transform,256,1,fp32,1172596,5.000000300000011,14.494879999999998,2.530430355809067,33.804142011834315,11.427467972558764,19.309262011834317,169.02072020041453,96.5463158519504,8.23355323162883e-05,68.50887573964496,80.0,52.0,2866.3384615384616,4.264043455717068,7.9008,9.998816568047339,593.5,593.5,169,625,15.157881259918213,3.0344884395599365,Intel Core i9-14900HX
dwt_haar,transform,1024,1,fp32,1126616,5.0000027000000955,15.700486223662885,1.8810536437295378,31.09617021276596,13.235385606065295,15.395683989103073,155.48093502349235,76.9784615138636,6.832715096702302e-05,78.06808510638298,90.0,53.0,2266.588085106383,4.438071800862136,8.16612641815235,8.043829787234044,593.5,593.5,235,617,8.069156646728516,3.0314741134643555,Intel Core i9-14900HX
dwt_haar,transform,4096,1,fp32,743743,5.000004500000159,12.430158730158729,0.8511371019636778,28.244224422442244,11.723340994291961,15.814065692283515,141.22124921122563,79.0703996247157,0.00010631414295625735,71.57755775577557,80.0,50.0,1820.8316831683169,6.722758399070861,3.929982363315697,6.307920792079207,593.5,593.5,303,567,9.10490608215332,3.033580780029297,Intel Core i9-14900HX
dwt_haar,transform,16384,1,fp32,301008,5.000011000000086,13.093975903614458,4.599533935018301,27.485454545454548,9.010103786745958,14.39147864184009,137.42757506727511,71.95755151546675,0.00023905527931306392,85.56363636363636,95.0,51.0,2087.947272727273,16.610890740445722,3.4423407917383826,4.758181818181819,593.5,593.5,330,581,5.057779788970947,3.0350899696350098,Intel Core i9-14900HX
dwt_db4,transform,256,1,fp32,1120017,5.000005700000202,12.284129692832764,0.9129915629956665,31.44236111111111,13.824794452264976,19.158231418278348,157.21198477702023,95.79126629331469,8.552661816143389e-05,71.81944444444444,81.0,50.0,1879.383333333333,4.464223043043277,2.971501706484641,4.237499999999999,593.5,593.5,144,586,6.071478605270386,3.0155527591705322,Intel Core i9-14900HX
dwt_db4,transform,1024,1,fp32,1022004,5.000000699999873,11.675951557093427,0.6470798481124376,27.480250783699056,12.495740412786805,15.804299226605629,137.40127315466734,79.0215071960356,7.732015451606413e-05,68.52664576802508,83.0,50.0,1773.4269592476487,4.892349442859199,2.948615916955017,4.512539184952979,593.5,593.5,319,578,18.177271604537964,3.031001567840576,Intel Core i9-14900HX
dwt_db4,transform,4096,1,fp32,511337,5.000002400000085,11.470430107526882,1.172766004685447,26.40555555555555,11.632813707642596,14.93512544802867,132.02784115111334,74.67566308444569,0.00014604001487169066,70.72875816993464,88.0,50.0,2151.086274509804,9.778291811466968,3.111290322580645,4.430718954248366,593.5,593.5,306,558,5.060591220855713,3.0617117881774902,Intel Core i9-14900HX
dwt_db4,transform,16384,1,fp32,167994,5.000021799999558,12.251525423728813,0.7817121876169564,25.89666666666667,9.739434731486673,13.645141242937855,129.48389788065523,68.22600367876235,0.0004061216690998628,77.96,95.0,52.0,1808.8139999999999,29.763097491574452,3.1667796610169487,4.619333333333333,593.5,593.5,300,590,9.125524759292603,3.0436339378356934,Intel Core i9-14900HX
stft,transform,256,1,fp32,82744,5.000037999999677,12.011343804537523,1.0093941518062748,27.882,12.864286843816878,15.870656195462479,139.41105951599098,79.35388406224268,0.0009590288608508494,70.98,85.0,53.0,1911.448,60.427801411578805,3.3774869109947647,4.429999999999999,593.5,593.5,150,573,5.109454154968262,3.0285468101501465,Intel Core i9-14900HX
stft,transform,1024,1,fp32,87901,5.0000497000000905,12.511725293132328,1.3006878240601836,29.61137123745819,10.448091364927619,17.099645944325864,148.05832787244412,85.4990795740343,0.0009726747087522816,76.03344481605352,87.0,53.0,2278.183946488294,56.882739673042295,3.6686767169179233,5.083277591973244,593.5,593.5,299,597,14.243745803833008,3.027029514312744,Intel Core i9-14900HX
stft,transform,4096,1,fp32,67836,5.000002400000085,12.176041666666666,0.9673393627410876,29.715705128205126,14.159799207805113,17.53966346153846,148.57859695872045,87.6983594028861,0.0012927996845758314,74.91666666666667,91.0,54.0,1592.9307692307689,73.70721151011386,3.761458333333333,5.089423076923077,593.5,593.5,312,576,6.089234113693237,3.0461978912353516,Intel Core i9-14900HX
stft,transform,16384,1,fp32,36112,5.000026500000331,12.582601054481547,0.8765022258468769,28.48284789644013,13.132456777606366,15.900246841958584,142.41499427767934,79.5016555663395,0.00220153011648038,77.58899676375404,91.0,54.0,1606.180582524272,138.4588640895085,4.065202108963094,4.567961165048544,593.5,593.5,309,569,5.063815116882324,3.0576608180999756,Intel Core i9-14900HX
hilbert,transform,256,1,fp32,281685,5.000004799999715,11.949649122807017,1.0193435536628304,32.48691099476438,13.496615297527757,20.537261871957362,162.43471091098542,102.68640793863794,0.00036454340109923477,82.1151832460733,94.0,52.0,2668.0994764397906,17.75034098372194,3.0945614035087723,6.677486910994762,593.5,593.5,191,570,7.10995078086853,3.045776605606079,Intel Core i9-14900HX
hilbert,transform,1024,1,fp32,240453,5.000016400000277,12.066427289048473,0.6126467732474956,31.753333333333334,9.764678978622674,19.68690604428486,158.76718742134213,98.43485308668888,0.0004093725305431368,79.78,88.0,51.0,1915.8580000000002,20.794152703440076,3.1344703770197486,5.042666666666667,593.5,364.4773333333334,300,557,7.073108196258545,3.056962251663208,Intel Core i9-14900HX
hilbert,transform,4096,1,fp32,116899,5.000024100000246,13.225448028673835,3.9008267293011323,28.881028938906745,10.687980157242354,15.65558091023291,144.40584072733827,78.27828185066834,0.0006696231948149114,75.9967845659164,90.0,50.0,2437.5665594855304,42.77217170378058,3.2353046594982082,4.535369774919614,468.2465949820788,593.5,311,558,7.068509340286255,3.024305582046509,Intel Core i9-14900HX
hilbert,transform,16384,1,fp32,34783,5.00004059999992,11.67981308411215,0.8083466237499058,28.19347826086956,13.082368807520565,16.513665176757414,140.96853595956296,82.56899633859193,0.002373831939125203,71.85403726708074,91.0,50.0,1894.095652173913,143.74955006755943,3.148411214953271,4.749068322981366,593.5,593.5,322,535,6.1157450675964355,3.087385654449463,Intel Core i9-14900HX
fir_direct,filter,256,1,fp32,1171985,5.0000027000000955,15.989012738853502,1.7763638287431498,31.05184049079755,10.583273916734967,15.062827751944047,155.25928629396003,75.3141794293566,6.426206771362825e-05,75.88650306748467,85.0,51.0,2787.4987730061353,4.266268510262585,7.768789808917196,8.493558282208587,593.5,593.5,326,628,63.55464482307434,3.028465986251831,Intel Core i9-14900HX
fir_direct,filter,1024,1,fp32,471335,5.000000999999884,13.256464811783959,0.8743872897971722,27.017159763313607,8.992492015182151,13.760694951529649,135.08582583372467,68.8034885183416,0.00014597576780494043,81.02366863905326,95.0,53.0,2156.252662721894,10.608168287947816,6.6883797054009815,5.867455621301776,593.5,593.5,338,611,7.083331346511841,3.0515666007995605,Intel Core i9-14900HX
fir_direct,filter,4096,1,fp32,141818,5.000648299999739,12.73731884057971,1.1881596046688223,28.33449367088608,13.107601671513896,15.597174830306368,141.69083760666985,77.99598579997026,0.0005499723998362003,71.54430379746836,87.0,54.0,2071.9025316455695,35.261026809006886,4.513768115942028,5.981962025316455,593.5,593.5,316,552,6.061005592346191,3.0434398651123047,Intel Core i9-14900HX
fir_direct,filter,16384,1,fp32,37522,5.000068199999987,12.249107142857143,0.7788035163581615,26.411428571428566,11.385699587730253,14.162321428571422,132.05894411657107,70.81257301317835,0.0018872281065289258,78.57777777777778,90.0,54.0,2535.506666666667,133.2569745749157,3.1705357142857142,4.362857142857142,593.5,593.5,315,560,7.078252077102661,3.042095899581909,Intel Core i9-14900HX
fir_fft,filter,256,1,fp32,165073,5.000016500000129,11.866608391608391,1.140399436432207,29.5043321299639,12.433478562931946,17.637723738355508,147.52214747130344,88.1889097142215,0.0005342418791336045,74.31046931407943,82.0,53.0,1994.9848375451265,30.28972939245139,2.8776223776223775,4.135379061371842,593.5,593.5,277,572,9.116005182266235,3.057262897491455,Intel Core i9-14900HX
fir_fft,filter,1024,1,fp32,134717,5.000011299999642,11.881001727115718,0.9164689870050678,31.488253968253964,13.782467185278472,19.607252241138248,157.44162565852838,98.03648276763454,0.000727721688930384,73.5904761904762,87.0,51.0,2127.6133333333332,37.1149246197558,3.1785837651122626,5.692380952380952,593.5,593.5,315,579,7.067566871643066,3.0232808589935303,Intel Core i9-14900HX
fir_fft,filter,4096,1,fp32,79746,5.000024399999802,12.610102739726026,0.9634327839401023,28.0,9.295843071647585,15.389897260273974,140.00068319999446,76.94986181485997,0.0009649369474940432,79.6952380952381,91.0,51.0,2548.746666666667,62.69937551726484,4.445719178082191,4.585714285714286,593.5,593.5,315,584,7.111901044845581,3.0352063179016113,Intel Core i9-14900HX
fir_fft,filter,16384,1,fp32,25771,5.000126899999941,12.084229390681003,1.1127488796865692,27.472812500000003,12.942166244096995,15.388583109319,137.36754879990465,76.94486835779067,0.002985715275223727,71.684375,87.0,50.0,1974.7875,194.02145434790816,2.9639784946236563,4.51125,593.5,593.5,320,558,23.319121599197388,3.0155646800994873,Intel Core i9-14900HX
iir_butter4,filter,256,1,fp32,298313,5.0000151000003825,11.611070780399274,0.8544985774982763,28.75846153846154,14.20169970659192,17.147390758062265,143.79274194508793,85.73721271591833,0.000287406893819305,69.78461538461538,87.0,50.0,1928.316923076923,16.76096951859417,2.9014519056261343,4.119999999999999,593.5,593.5,65,551,5.062147855758667,3.0749449729919434,Intel Core i9-14900HX
iir_butter4,filter,1024,1,fp32,297221,5.0000129999998535,11.965647482014388,0.5661841651129027,28.78885135135135,11.121134799162666,16.823203869336965,143.9446310118201,84.11623804833266,0.00028300906748962107,78.5945945945946,88.0,49.0,2336.207432432433,16.822542821670922,3.599640287769784,4.424999999999999,593.5,593.5,296,556,9.147216081619263,3.0459578037261963,Intel Core i9-14900HX
iir_butter4,filter,4096,1,fp32,180709,5.000021899999865,12.06488812392427,0.741566140221946,26.659589041095888,12.35068119006033,14.594700917171618,133.29852905047585,72.97382420980621,0.00040381953422245824,69.65753424657534,93.0,50.0,1653.548630136986,27.66891466390642,2.9349397590361446,5.361643835616438,593.5,593.5,292,581,10.09450387954712,3.050104856491089,Intel Core i9-14900HX
iir_butter4,filter,16384,1,fp32,71140,5.000064399999701,11.762773722627736,1.0395996772529972,25.311551155115513,10.533014194567512,13.548777432487777,126.55938583946438,67.74475970370149,0.0009522738220930769,73.60726072607261,85.0,51.0,1696.5366336633665,70.2848524037068,3.750364963503649,5.67128712871287,593.5,593.5,303,548,9.177832841873169,3.035634756088257,Intel Core i9-14900HX
median,filter,256,1,fp32,258054,5.000012200000128,13.156261022927689,2.601646227364678,29.946428571428573,12.528894665157505,16.790167548500882,149.7325082035753,83.95104258255066,0.0003253235469419217,76.82142857142857,90.0,52.0,1773.3000000000004,19.37583684035174,3.0959435626102296,4.000000000000001,593.5,593.5,28,567,19.24018144607544,3.07576060295105,Intel Core i9-14900HX
median,filter,1024,1,fp32,199774,5.000011800000266,12.155434782608697,0.7524401074583339,34.74166666666667,14.93666954920749,22.58623188405797,173.70874328500923,112.93142593783209,0.0005652959140720619,74.125,81.0,53.0,1863.75,25.028341025359985,3.455072463768116,7.837500000000001,593.5,593.5,24,552,7.108211517333984,3.027560234069824,Intel Core i9-14900HX
median,filter,4096,1,fp32,70916,5.000008500000149,20.288647746243743,4.273512551012753,36.263636363636365,15.603298372786213,15.974988617392622,181.31849005909632,79.87507887436874,0.0011263336746907431,78.45454545454545,95.0,53.0,2609.090909090909,70.50607056235756,21.071118530884807,14.50909090909091,593.5,593.5,33,599,22.211154222488403,3.041391372680664,Intel Core i9-14900HX
median,filter,16384,1,fp32,16892,5.000097900000128,12.045486111111112,0.23254429046811914,25.285000000000004,9.292350348539383,13.239513888888892,126.42747540150326,66.19886559285588,0.003918947761831392,79.4,90.0,51.0,1637.055,296.0039012550395,3.798611111111111,4.0649999999999995,593.5,593.5,40,576,27.263631343841553,3.028272867202759,Intel Core i9-14900HX
savgol,filter,256,1,fp32,27382,5.00011269999959,12.20994575045208,0.778154837965446,28.469047619047622,12.74442432885546,16.259101868595543,142.34844655689312,81.29734174375164,0.0029690067103846193,75.33333333333333,87.0,51.0,2036.9,182.605824994507,3.1103074141048825,4.699999999999999,593.5,593.5,168,553,7.104761600494385,3.027916669845581,Intel Core i9-14900HX
savgol,filter,1024,1,fp32,28481,5.000251099999787,13.792057761732853,2.365045184749218,30.941201716738195,12.523520269048456,17.149143955005343,154.71377791943544,85.75002592507016,0.003010780026160253,74.51931330472102,94.0,50.0,2042.0832618025754,175.5644499841925,3.7453068592057766,4.412446351931332,593.5,593.5,233,554,11.115598678588867,3.0357882976531982,Intel Core i9-14900HX
savgol,filter,4096,1,fp32,28013,5.00013379999973,13.27635135135135,4.222480241524612,35.16401384083046,8.67952403777418,21.887662489479105,175.8247741491947,109.44124101663071,0.003906801878293318,76.2318339100346,87.0,50.0,2570.8795847750866,178.49333523720165,3.5707770270270265,8.022145328719724,593.5,593.5,289,592,8.096109390258789,3.0400540828704834,Intel Core i9-14900HX
savgol,filter,16384,1,fp32,24682,5.0001006000002235,13.043804537521815,1.4426503303836398,29.582352941176467,13.7015772082297,16.53854840365465,147.91474069059484,82.69440579624636,0.0033503932337835816,73.24183006535948,88.0,50.0,1685.9156862745097,202.58085244308498,5.662303664921466,4.875816993464053,593.5,593.5,306,573,11.111010074615479,3.086524486541748,Intel Core i9-14900HX
wiener,filter,256,1,fp32,122744,5.000028200000088,11.48058608058608,0.7204168162322973,30.884782608695648,12.512219547155462,19.404196528109566,154.42478399435052,97.02152983889162,0.0007904380649065667,72.17391304347827,80.0,48.0,1974.4565217391298,40.735418431858896,3.1527472527472535,4.2217391304347816,593.5,593.5,46,546,11.095353364944458,3.033019781112671,Intel Core i9-14900HX
wiener,filter,1024,1,fp32,130302,5.000022600000193,12.149733570159857,1.0719974053177719,28.39220338983051,11.834687892714136,16.242469819670653,141.96165861295464,81.21271617817432,0.0006232653081163322,70.94237288135594,82.0,50.0,1741.2203389830513,38.37256987613539,3.288809946714032,4.4230508474576276,593.5,593.5,295,563,7.151674270629883,3.0505430698394775,Intel Core i9-14900HX
wiener,filter,4096,1,fp32,93514,5.000026000000162,13.024285714285716,1.3343602762892697,30.4658940397351,12.701694457098535,17.441608325449387,152.33026231192545,87.20849510906622,0.0009325715412565629,69.93708609271523,86.0,51.0,2017.126490066225,53.468207968862004,3.744464285714286,5.239735099337747,593.5,593.5,302,560,6.098268032073975,3.0317649841308594,Intel Core i9-14900HX
wiener,filter,16384,1,fp32,47055,5.000082399999883,14.377469670710571,2.531283336676465,28.464,14.361001550674018,14.086530329289427,142.32234543359667,70.43381237654462,0.0014968401312622382,71.19076923076923,90.0,52.0,1747.6006153846151,106.26038465625084,3.7008665511265164,4.656615384615385,381.0110918544194,593.5,325,577,7.098008871078491,3.045032024383545,Intel Core i9-14900HX
matched_filter,filter,256,1,fp32,119681,5.000020400000267,12.114185639229424,0.9942171640999595,29.673929961089495,12.82485660006439,17.559744321860073,148.3702551536266,87.79907982808922,0.0007336091762943928,74.31906614785993,86.0,53.0,1726.461478599222,41.77789624084246,2.753415061295972,4.918287937743191,593.5,593.5,257,571,7.076746940612793,3.0455965995788574,Intel Core i9-14900HX
matched_filter,filter,1024,1,fp32,106482,5.000020800000129,12.139208633093524,1.0315745907729343,29.613605442176876,11.864321633246178,17.474396809083352,148.0686431738814,87.37234751287265,0.000820536311422331,81.8639455782313,94.0,54.0,1627.2142857142858,46.95648842057934,3.166906474820143,4.742857142857143,593.5,593.5,294,556,7.098412275314331,3.043912887573242,Intel Core i9-14900HX
matched_filter,filter,4096,1,fp32,67554,5.000005700000202,11.875855855855859,0.5702164413915793,29.17453416149068,11.040913632997835,17.298678305634823,145.872837102304,86.49349013064395,0.0012803607503722053,80.7111801242236,90.0,54.0,1949.6739130434778,74.0149465612725,3.587567567567568,5.653726708074533,593.5,593.5,322,555,7.099567413330078,3.0384881496429443,Intel Core i9-14900HX
matched_filter,filter,16384,1,fp32,24415,5.000038799999857,14.508920187793429,1.3643110094132584,29.425752508361203,12.728107535046117,14.916832320567774,147.12990426099913,74.58474037593076,0.003054873658649632,74.65886287625418,93.0,52.0,1939.3745819397993,204.79372516894765,7.318466353677621,5.852842809364549,593.5,593.5,299,639,18.168933153152466,3.039093255996704,Intel Core i9-14900HX
filterbank_32ch,filter,256,1,fp32,39099,5.000028999999813,13.570389170896785,3.63838155260265,27.46061538461538,13.379253270748718,13.890226213718595,137.3038732809179,69.45153388515058,0.0017762994932133962,78.29230769230769,95.0,50.0,1616.4960000000003,127.88125015984585,3.218443316412859,4.597846153846153,593.5,593.5,325,591,7.133285760879517,3.0572338104248047,Intel Core i9-14900HX
filterbank_32ch,filter,1024,1,fp32,15491,5.000114899999971,11.993520140105078,0.6943429462466169,28.979682539682543,12.264235003320806,16.986162399577466,144.9017424639357,84.93276370794656,0.005482716655344817,73.01904761904763,85.0,51.0,2131.4400000000005,322.775476082885,3.317863397548161,4.632063492063492,593.5,593.5,315,571,5.061523199081421,3.0488691329956055,Intel Core i9-14900HX
filterbank_32ch,filter,4096,1,fp32,4557,5.000407600000017,11.852249134948098,0.7777196683693014,28.555192878338275,11.352393362274704,16.70294374339018,142.78760348830906,83.52152683682098,0.018328182321005262,75.97626112759644,93.0,50.0,1840.360237388724,1097.3025235900848,2.9102076124567477,4.452522255192879,593.5,593.5,337,578,11.172818183898926,3.0362324714660645,Intel Core i9-14900HX
filterbank_32ch,filter,16384,1,fp32,1211,5.003070899999784,11.469314079422382,0.9224617231061641,29.83302469135803,13.626501121951692,18.363710611935648,149.2567376923084,91.87494617859247,0.07586700757934968,77.88271604938272,95.0,49.0,2285.642592592593,4131.354995871002,3.2231046931407943,4.2975308641975305,593.5,593.5,324,554,6.100518465042114,3.041628837585449,Intel Core i9-14900HX
lms,adaptive,256,1,fp32,13616,5.000232500000038,11.729496402877695,0.6941899930061929,29.1904,14.92026500568941,17.460903597122304,145.95878676800112,87.30857764569852,0.00641220458619995,70.944,87.0,50.0,2019.4272,367.23211662749986,3.1649280575539565,5.381600000000001,593.5,593.5,250,556,5.09414529800415,3.036249876022339,Intel Core i9-14900HX
lms,adaptive,1024,1,fp32,13035,5.000202300000183,12.209090909090909,1.6029653068461338,31.843668122270735,10.700121069954827,19.634577213179824,159.22478258542063,98.17685814087294,0.0075317881197447594,75.74235807860262,94.0,51.0,2490.141484716157,383.5981818181958,4.270979020979021,6.580786026200873,593.5,593.5,229,572,5.079638481140137,3.04032301902771,Intel Core i9-14900HX
lms,adaptive,4096,1,fp32,13680,5.000049599999784,11.967548500881833,1.3188117229242557,29.566798418972333,12.860707248656647,17.5992499180905,147.83545860805685,87.99712251324463,0.006432538195412619,72.8498023715415,85.0,52.0,1808.5233201581027,365.50070175437014,3.515343915343915,5.981818181818182,593.5,593.5,253,567,9.092285633087158,3.037321090698242,Intel Core i9-14900HX
lms,adaptive,16384,1,fp32,14059,5.0001312999997936,11.723035714285714,0.8042663463476185,29.43854545454546,12.30856780948381,17.715509740259744,147.1965925537394,88.57987474772396,0.006300581460112665,79.53454545454545,98.0,54.0,1918.56,355.6534106266302,3.5605357142857144,4.233454545454545,593.5,593.5,275,560,7.093807220458984,3.0497360229492188,Intel Core i9-14900HX
nlms,adaptive,256,1,fp32,9768,5.0002574000000095,20.404354838709676,6.501711715304532,39.65299539170506,5.996312443246218,19.248640552995386,198.2751836395395,96.24815736505546,0.009853414963662517,86.7741935483871,87.0,53.0,2909.574193548387,511.9018632268642,7.6735483870967744,8.974193548387095,593.5,593.5,217,620,16.19571042060852,3.0346882343292236,Intel Core i9-14900HX
nlms,adaptive,1024,1,fp32,10221,5.0002644000001055,16.12569105691057,3.082506128888549,41.72746781115879,16.692742660704905,25.60177675424822,208.64837179828763,128.01565288101762,0.01252476791713312,77.58369098712447,92.0,55.0,2687.783690987125,489.2147930730951,12.207154471544715,23.40557939914163,593.5,593.5,233,615,5.057366847991943,3.0342049598693848,Intel Core i9-14900HX
nlms,adaptive,4096,1,fp32,9751,5.000115999999707,17.039905362776025,1.012477669903519,27.6328,10.882556876028724,10.592894637223974,138.1672054047919,52.96570196189469,0.005431822578391415,76.628,86.0,55.0,1807.092,512.77981745459,9.011829652996845,7.288,593.5,593.5,250,634,19.137471914291382,3.0206971168518066,Intel Core i9-14900HX
nlms,adaptive,16384,1,fp32,10131,5.00017889999981,13.72286212914485,4.027954349421867,30.328936170212767,12.700253512973593,16.606074041067917,151.65010669773892,83.03334103198237,0.008195966936332285,77.54893617021277,92.0,51.0,1745.073191489362,493.55235416047867,4.532286212914485,4.590212765957447,477.7275741710297,593.5,235,573,11.117640733718872,3.0573859214782715,Intel Core i9-14900HX
rls,adaptive,256,1,fp32,6667,5.00013749999971,12.368551236749116,1.184037092949711,31.662835249042146,12.885328242438602,19.29428401229303,158.3185298850483,96.47407302551125,0.014470387434454965,72.41379310344827,80.0,51.0,2233.2413793103447,749.9831258436642,3.4363957597173145,5.516475095785442,593.5,593.5,261,566,9.079747676849365,3.05953049659729,Intel Core i9-14900HX
rls,adaptive,1024,1,fp32,6736,5.000111500000003,11.96991304347826,1.0270849384055014,30.706617647058827,14.338128940027882,18.73670460358057,153.53651202316186,93.6856121604662,0.013908196579641657,72.73897058823529,87.0,50.0,1940.3227941176472,742.2968378859861,3.914608695652174,5.049632352941177,593.5,593.5,272,575,10.111669301986694,3.047799587249756,Intel Core i9-14900HX
rls,adaptive,4096,1,fp32,6688,5.000436100000115,12.936333333333332,1.5521425693394135,30.08961538461538,15.165274346543065,17.153282051282048,150.46119900434962,85.77389080271479,0.012825043481267163,78.51538461538462,92.0,49.0,1946.1992307692306,747.6728618421225,4.5175,6.746923076923077,593.5,593.5,260,600,11.11255407333374,3.0608503818511963,Intel Core i9-14900HX
rls,adaptive,16384,1,fp32,6741,5.000418799999807,12.440569395017793,1.2559290118899042,31.51777777777778,13.539986687813725,19.077208382759988,157.60208853421614,95.39403144866695,0.014151317526875382,70.31851851851852,80.0,50.0,1835.2133333333334,741.7918409731207,3.691637010676157,5.884074074074073,593.5,593.5,270,562,5.045695066452026,3.059034585952759,Intel Core i9-14900HX
apa_p4,adaptive,256,1,fp32,4441,5.001005500000247,13.7770197486535,3.372474346624524,31.972727272727266,10.766707178663044,18.195707524073768,159.89578494091694,90.99683340428878,0.02049016739569664,80.8409090909091,97.0,50.0,2212.9227272727267,1126.0989641973085,3.76983842010772,5.202272727272727,593.5,593.5,44,557,15.196023225784302,3.0658257007598877,Intel Core i9-14900HX
apa_p4,adaptive,1024,1,fp32,4395,5.00049399999989,12.674785591766724,1.4605735311145425,28.5125,8.735479022354756,15.837714408233275,142.57658517499684,79.19639587208229,0.01801965776384125,88.97916666666667,98.0,52.0,2547.0375000000004,1137.7688282138542,3.9101200686106345,4.722916666666666,593.5,593.5,48,583,14.211480855941772,3.061133623123169,Intel Core i9-14900HX
apa_p4,adaptive,4096,1,fp32,4387,5.000296900000194,11.720840950639852,0.7358940553004346,28.866666666666667,13.477470913425195,17.145825716026813,144.34190384667227,85.73421917579248,0.0195427898736705,73.75555555555556,94.0,54.0,1637.5333333333333,1139.7987007066774,2.9579524680073126,3.917777777777777,593.5,593.5,45,547,6.065594911575317,3.037339448928833,Intel Core i9-14900HX
apa_p4,adaptive,16384,1,fp32,4378,5.000991200000044,12.67150442477876,1.098471360403374,29.308888888888887,11.666301369942444,16.637384464110127,146.5734954151124,83.2034132960322,0.019004891113757926,77.93333333333334,87.0,53.0,2001.7199999999998,1142.3004111466523,3.894159292035398,6.1822222222222205,593.5,593.5,45,565,9.133050680160522,3.032334089279175,Intel Core i9-14900HX
kalman,estimation,256,1,fp32,2015,5.002087599999868,12.372370766488412,1.1269204221830753,28.395652173913028,10.952683937932035,16.023281407424616,142.03753963303964,80.1498572393871,0.039776604089025856,81.58695652173913,97.0,54.0,1606.04347826087,2482.4256079403813,4.47807486631016,4.026086956521738,593.5,593.5,46,561,7.099118709564209,3.034853935241699,Intel Core i9-14900HX
kalman,estimation,1024,1,fp32,2022,5.000918899999306,11.854006968641114,1.0064476667342335,28.090243902439024,13.618420181254306,16.23623693379791,140.47703163729756,81.19610414709675,0.040156332416961794,70.14634146341463,86.0,51.0,1650.5999999999997,2473.2536597424855,3.181707317073171,4.2975609756097555,593.5,593.5,41,574,14.197781324386597,3.0597407817840576,Intel Core i9-14900HX
kalman,estimation,4096,1,fp32,2030,5.001090900000236,12.203703703703704,1.538375779578134,29.017021276595745,12.508912893033703,16.81331757289204,145.1167610514962,84.08492951260443,0.041421147543154894,66.85106382978724,80.0,50.0,2114.297872340425,2463.5915763547955,4.1841269841269835,4.291489361702127,593.5,593.5,47,567,27.373435020446777,3.0450100898742676,Intel Core i9-14900HX
kalman,estimation,16384,1,fp32,2019,5.00142489999962,11.833862433862436,1.490114303387567,29.395744680851063,10.441793223486387,17.561882246988628,147.02060940083987,87.83443516095019,0.043503930243165026,78.51063829787235,87.0,48.0,2187.574468085106,2477.179247151867,3.9608465608465613,4.43404255319149,593.5,593.5,47,567,15.232860088348389,3.036652088165283,Intel Core i9-14900HX
ekf,estimation,256,1,fp32,1609,5.000349899999492,12.140805604203154,0.9053830351397446,26.840000000000003,13.668136506325782,14.69919439579685,134.20939131598638,73.50111522709587,0.04568124004170035,66.8,77.0,50.0,1911.0933333333332,3107.7376631444945,3.0381786339754817,4.0266666666666655,593.5,593.5,45,571,10.174423694610596,3.0613837242126465,Intel Core i9-14900HX
ekf,estimation,1024,1,fp32,1623,5.000376100000722,14.126101141924957,2.289903501293283,28.344444444444438,13.636724200246194,14.21834330251948,141.73288256779819,71.09706403152374,0.04380595442484519,73.31111111111112,96.0,51.0,1807.9600000000005,3080.94645717851,5.329037520391517,4.391111111111112,593.5,593.5,45,613,7.102871656417847,3.033143997192383,Intel Core i9-14900HX
ekf,estimation,4096,1,fp32,1616,5.002612900000713,12.027303754266212,1.1005917892538248,28.73023255813953,12.764677550536579,16.70292880387332,143.7262320153693,83.55828710205014,0.05170686083047658,75.88372093023256,87.0,53.0,1557.906976744186,3095.676299505392,3.245051194539249,4.11627906976744,593.5,593.5,43,586,5.07032036781311,3.0431950092315674,Intel Core i9-14900HX
ekf,estimation,16384,1,fp32,1609,5.002855900000213,14.129794520547946,2.813659677305698,31.10652173913042,7.024132382564289,16.976727218582475,155.62144581109354,84.93211992817955,0.05278565564212526,82.1086956521739,94.0,53.0,1902.2347826086955,3109.2951522686226,3.5051369863013697,3.9826086956521722,593.5,593.5,46,584,5.0710835456848145,3.062507152557373,Intel Core i9-14900HX
ukf,estimation,256,1,fp32,471,5.004048100000546,12.438664323374342,1.323459667647875,28.385416666666668,11.72452894546538,15.946752343292326,142.04199033855716,79.79831576463121,0.16942317572108537,68.5,80.0,53.0,1920.3625,10624.30594479946,3.219332161687171,4.252083333333333,593.5,593.5,48,569,12.15134310722351,3.0676398277282715,Intel Core i9-14900HX
ukf,estimation,1024,1,fp32,479,5.0046227000002546,12.732815198618308,1.1829360382166325,29.09777777777779,13.197853173719647,16.36496257915948,145.62339918622968,81.90046320831625,0.17098217788792539,69.95555555555555,87.0,51.0,2193.2400000000002,10448.064091858569,4.49119170984456,5.337777777777777,593.5,593.5,45,579,11.143118619918823,3.0167593955993652,Intel Core i9-14900HX
ukf,estimation,4096,1,fp32,957,10.008052999999563,11.853333333333333,0.5816170239711862,34.00674157303371,10.408345805955985,22.153408239700376,340.3412720202099,221.7124837935484,0.2316744867226211,84.06741573033707,94.0,51.0,1907.4606741573034,10457.735632183452,2.9970175438596494,4.632584269662922,593.5,593.5,89,570,5.054741621017456,3.040400981903076,Intel Core i9-14900HX
ukf,estimation,16384,1,fp32,955,10.004962800000612,12.365565217391303,1.3595639910451776,34.56091954022987,10.201739273864874,22.195354322838565,345.7807143338141,222.06369433283263,0.23252742862076714,87.1264367816092,96.0,50.0,2231.7448275862057,10476.400837696976,4.222086956521739,5.635632183908045,593.5,593.5,87,575,14.222850561141968,3.0471718311309814,Intel Core i9-14900HX
particle_1k,estimation,256,1,fp32,263,5.018871700000091,12.483836589698047,1.372789948710039,28.71898734177215,14.429558937348778,16.2351507520741,144.13691282228106,81.48213865481989,0.30981801769893497,78.12658227848101,88.0,49.0,1373.13417721519,19083.162357414792,4.90746003552398,6.806962025316456,593.5,593.5,316,563,11.143410682678223,3.0377519130706787,Intel Core i9-14900HX
particle_1k,estimation,1024,1,fp32,263,5.007398999999168,11.874865350089767,0.7022509524249787,28.434579439252335,12.0168581180247,16.55971408916257,142.38328464950905,82.92109577034478,0.3152893375298281,75.30529595015577,93.0,49.0,1859.8149532710283,19039.539923951208,4.393357271095153,4.51183800623053,593.5,593.5,321,557,5.065555095672607,3.0538737773895264,Intel Core i9-14900HX
particle_1k,estimation,4096,1,fp32,263,5.0042734999997265,12.15071174377224,0.5506461996536837,27.817647058823525,10.770779385973647,15.666935315051285,139.2071140088159,78.40162922332101,0.29810505408106847,77.49346405228758,95.0,49.0,1933.5372549019605,19027.65589353508,3.4213523131672594,4.564052287581699,593.5,593.5,306,562,11.150895357131958,3.0257437229156494,Intel Core i9-14900HX
particle_1k,estimation,16384,1,fp32,259,5.003177300000061,12.680103806228372,1.6880616808515072,30.131378299120232,11.270553626096099,17.451274492891862,150.7526279238728,87.31182039890665,0.3371112756714542,69.80938416422288,95.0,50.0,1575.7143695014663,19317.28687258711,3.9844290657439445,5.315835777126099,593.5,593.5,341,578,10.171701192855835,3.0600435733795166,Intel Core i9-14900HX
periodogram,spectral,256,1,fp32,56869,5.000026300000172,12.089316987740805,0.9073400180061166,29.733333333333345,13.250744213900678,17.64401634559254,148.6674486533385,88.22054576559563,0.0015512941280063943,68.14285714285714,75.0,51.0,1805.0666666666673,87.92182559918712,2.974956217162872,3.974603174603176,593.5,593.5,63,571,29.417434215545654,3.035454511642456,Intel Core i9-14900HX
periodogram,spectral,1024,1,fp32,41738,5.000094600000011,11.927835051546392,1.069837216770154,29.575420875420882,11.721241843113273,17.64758582387449,147.87990221191956,88.23959858099158,0.002114130973716795,81.72390572390573,90.0,53.0,1742.8303030303032,119.79717763189447,3.2701030927835046,5.821212121212121,593.5,593.5,297,582,7.077876329421997,3.060176372528076,Intel Core i9-14900HX
periodogram,spectral,4096,1,fp32,17963,5.000159100000019,12.349740932642487,0.9268099140718813,26.722108843537413,11.232449090006224,14.372367910894926,133.61479570520459,71.86412619820953,0.004000675065312561,78.71088435374149,91.0,53.0,2055.3,278.3587986416533,3.132297063903281,5.847619047619047,593.5,593.5,294,579,18.21691060066223,3.0633134841918945,Intel Core i9-14900HX
periodogram,spectral,16384,1,fp32,5609,5.000734999999622,11.909642857142856,1.082843420097744,27.146735395189,10.393631475716674,15.237092538046145,135.7536298264502,76.19666195324044,0.013584714200969948,76.4192439862543,95.0,53.0,2208.348453608248,891.5555357460549,3.086785714285714,4.6405498281786945,593.5,593.5,291,560,17.267786741256714,3.052506446838379,Intel Core i9-14900HX
welch,spectral,256,1,fp32,47903,5.000011999999515,11.418450184501847,0.9839256959718516,30.684745762711866,12.473834493421085,19.26629557821002,153.4240970304936,96.3317090865877,0.002010974450171966,79.0677966101695,87.0,52.0,2511.5999999999995,104.37784689893148,2.761992619926199,4.359322033898305,593.5,593.5,59,542,7.119351148605347,3.027155637741089,Intel Core i9-14900HX
welch,spectral,1024,1,fp32,27654,5.000133599999572,12.116123499142368,0.8681800517425367,30.993925233644866,12.58286962330242,18.877801734502498,154.97376695662228,94.39153074681613,0.0034133047930431813,69.09813084112149,82.0,50.0,2029.9345794392525,180.81050119330195,3.1298456260720418,6.500467289719626,593.5,593.5,214,583,14.152289152145386,3.0709376335144043,Intel Core i9-14900HX
welch,spectral,4096,1,fp32,10900,5.000152400000843,12.013537906137184,0.7503410364266344,29.840476190476192,15.639534147303467,17.826938284339008,149.20692864097754,89.1374082471046,0.008177743875881157,68.72222222222223,82.0,50.0,1901.3166666666668,458.7295779817287,3.469314079422383,6.050793650793651,593.5,593.5,252,554,7.0755157470703125,3.0139360427856445,Intel Core i9-14900HX
welch,spectral,16384,1,fp32,3186,5.000907499999812,13.428807339449543,3.276319742428237,32.34390243902439,10.526842548421742,18.91509509957485,161.74886428657928,94.59264094667355,0.029690094459094023,76.03658536585365,94.0,50.0,2393.078048780488,1569.6508160702485,3.3174311926605506,4.567073170731708,461.9985321100918,352.7276422764228,246,545,5.073748350143433,3.037867546081543,Intel Core i9-14900HX
music,spectral,256,1,fp32,1755,5.0000465000002805,11.537456445993032,0.9379946420164031,31.129139072847682,13.912091979005686,19.59168262685465,155.64714286921404,97.95932414752089,0.05581727871653612,76.89403973509934,85.0,48.0,2265.9973509933775,2849.0293447295044,2.9121951219512194,4.201324503311257,593.5,593.5,151,574,9.13558292388916,3.0553741455078125,Intel Core i9-14900HX
music,spectral,1024,1,fp32,1740,5.002013299999817,13.219666666666665,1.3122677148949278,30.159602649006626,13.159481152878826,16.93993598233996,150.85873357304084,84.73378508480995,0.048697577634948246,72.19205298013244,90.0,50.0,1966.5178807947016,2874.7202873562164,5.041333333333332,4.582119205298013,593.5,593.5,151,600,8.10530710220337,3.0375876426696777,Intel Core i9-14900HX
music,spectral,4096,1,fp32,3464,10.001202499999636,12.010260869565217,0.7728315648310723,36.59628378378378,12.448478403729325,24.586022914218567,366.0068448690745,245.88979383473105,0.07098435156891773,80.23648648648648,89.0,51.0,2058.893918918919,2887.1831697458533,3.054086956521739,6.102702702702703,593.5,593.5,296,575,5.06011176109314,3.0507006645202637,Intel Core i9-14900HX
music,spectral,16384,1,fp32,3328,10.00277129999995,13.272035398230088,2.5426410070598573,37.24067796610169,10.77472432529597,23.968642567871605,372.5099847518625,239.75284997786318,0.07204112078661754,87.2406779661017,97.0,52.0,2312.8759322033898,3005.6404146634463,4.112920353982301,5.6216949152542375,593.5,593.5,295,565,6.087715148925781,3.022536277770996,Intel Core i9-14900HX
esprit,spectral,256,1,fp32,119485,5.000030799999877,12.168815331010453,0.9296057708740367,29.942857142857143,11.368987534121956,17.77404181184669,149.71520795428202,88.87075649971906,0.0007437817006295273,75.25396825396825,85.0,53.0,2215.346666666667,41.84651462526574,2.969686411149825,4.5968253968253965,593.5,593.5,315,574,22.256378173828125,3.0405147075653076,Intel Core i9-14900HX
esprit,spectral,1024,1,fp32,104501,5.000001999999768,12.66457242582897,1.0853062879419328,29.15085324232082,10.888126777950761,16.48628081649185,145.7543245133038,82.43143705501704,0.0007888100310524975,79.2320819112628,91.0,53.0,1613.0866894197952,47.846451230129546,3.956369982547993,4.435836177474402,593.5,593.5,293,573,7.099804162979126,3.0304181575775146,Intel Core i9-14900HX
esprit,spectral,4096,1,fp32,68956,5.000050300000112,12.1326352530541,0.8710184614308603,28.344107744107745,12.754745890153904,16.211472491053645,141.72196442916143,81.05817789233633,0.0011755057992391719,72.37710437710437,88.0,52.0,1727.6,72.51073583154638,2.8165794066317624,4.328956228956228,593.5,593.5,297,573,6.118532419204712,3.0350139141082764,Intel Core i9-14900HX
esprit,spectral,16384,1,fp32,27173,5.000148799999806,13.423901581722317,1.6836831636582492,28.884191176470587,13.757842953317843,15.46028959474827,144.4252538499944,77.30374846483005,0.002844873531256396,73.38970588235294,93.0,50.0,1964.333823529412,184.0116586317229,5.271001757469244,4.136029411764706,593.5,593.5,272,569,13.124033689498901,3.016371011734009,Intel Core i9-14900HX
svd,decomposition,256,1,fp32,1548,5.0023753000004945,12.46888045540797,1.395553823173841,30.877333333333343,13.440134655410098,18.408452877925374,154.46000959654864,92.0859899877569,0.059487073635501875,60.973333333333336,69.0,49.0,2043.538,3231.5085917315855,5.283491461100569,4.991666666666666,593.5,593.5,300,527,7.0878636837005615,3.0548813343048096,Intel Core i9-14900HX
svd,decomposition,1024,1,fp32,688,5.00344320000022,12.99828178694158,1.1383945119887116,34.721926910299,15.425083692422739,21.723645123357414,173.72918909024017,108.69302447168059,0.15798404719721015,60.83388704318937,66.0,49.0,2496.9767441860463,7272.446511628227,5.82233676975945,7.588039867109636,593.5,593.5,301,582,11.122702836990356,3.0316662788391113,Intel Core i9-14900HX
svd,decomposition,4096,1,fp32,343,5.010445600000821,14.974742268041236,4.596603166731478,42.345517241379305,24.170407895521947,27.37077497333807,212.16991054182785,137.13977903377432,0.399824428669896,64.29655172413793,75.0,50.0,2603.058620689655,14607.713119535922,3.4170103092783504,7.994827586206896,593.5,593.5,290,582,6.054529190063477,3.039874792098999,Intel Core i9-14900HX
svd,decomposition,16384,1,fp32,112,5.037366700000348,19.30566037735849,3.0984322528557833,46.169655172413805,22.86259955695729,26.863994795055316,232.57348351601613,135.32379280959432,1.2082481500856637,70.10344827586206,79.0,51.0,3064.0737931034478,44976.48839286024,8.221698113207546,13.225862068965519,593.5,593.5,290,636,7.138615846633911,3.0210928916931152,Intel Core i9-14900HX
pca,decomposition,256,1,fp32,916,5.001373600000079,13.710749185667755,0.9411762819842491,33.58888888888888,14.001574867329463,19.878139703221127,167.99058214222484,99.41800312880355,0.10853493791354099,67.17777777777778,71.0,54.0,2597.980000000001,5460.0148471616585,5.90928338762215,7.555555555555555,593.5,593.5,180,614,15.118955373764038,3.0315215587615967,Intel Core i9-14900HX
pca,decomposition,1024,1,fp32,3909,5.001317999999628,12.888663282571914,0.4439745956841601,28.21320754716981,10.669848856347569,15.324544264597895,141.10322274338571,76.64291907232452,0.019606784106504096,69.81132075471699,75.0,55.0,2221.4301886792446,1279.4366845739646,4.5350253807106595,4.822641509433962,593.5,593.5,318,591,9.085299491882324,7.065981149673462,Intel Core i9-14900HX
pca,decomposition,4096,1,fp32,3025,5.0008999000001495,11.990107913669064,0.9468573479017326,27.334242424242422,11.82610915556813,15.344134510573358,136.69581020597377,76.73448073951515,0.025366770492401703,62.06060606060606,70.0,52.0,1950.6709090909087,1653.1900495868263,3.4028776978417272,4.603030303030302,593.5,593.5,330,556,8.152209043502808,3.0503616333007812,Intel Core i9-14900HX
pca,decomposition,16384,1,fp32,1752,5.0010502000004635,12.108576642335768,0.7161200325785186,29.435643564356443,12.805033953598937,17.327066922020677,147.20913113466716,86.65353149579292,0.04945977825102336,63.38943894389439,71.0,51.0,1914.2435643564359,2854.480707762822,3.2686131386861317,5.117161716171617,593.5,593.5,303,548,9.097609996795654,3.0442044734954834,Intel Core i9-14900HX
fastica,decomposition,256,1,fp32,1387,5.001600900000085,10.936496350364962,2.136727011805528,29.704516129032257,11.083383912840757,18.768019778667295,148.57013460503478,93.87014461620174,0.06767854694751388,80.71290322580646,87.0,50.0,2801.0070967741935,3606.056885364156,3.106934306569343,4.45483870967742,579.0222627737227,593.5,310,548,5.055557489395142,3.0568106174468994,Intel Core i9-14900HX
fastica,decomposition,1024,1,fp32,862,5.003558000000339,12.056998313659358,1.7086988319016843,30.278709677419354,11.27083582839141,18.221711363759994,151.5012800361393,91.1733896678384,0.10576959358217913,69.10322580645162,75.0,49.0,2391.249677419355,5804.59164733218,4.15531197301855,5.731290322580644,593.5,593.5,310,593,14.142869710922241,3.0360615253448486,Intel Core i9-14900HX
fastica,decomposition,4096,1,fp32,1071,10.004504200000156,11.48477157360406,0.894751517333511,36.20551724137931,12.133837152475971,24.72074566777525,362.2182493045574,247.31880386039316,0.2309232529041953,73.97068965517241,80.0,48.0,2857.26,9341.273762838615,2.908798646362099,5.428793103448276,593.5,593.5,580,591,12.178154468536377,3.0352110862731934,Intel Core i9-14900HX
fastica,decomposition,16384,1,fp32,528,10.002242999999908,11.99295532646048,0.7575747123153399,35.6328,10.94424799426621,23.63984467353952,356.40792437039676,236.45147090699578,0.4478247555056738,74.972,88.0,51.0,2459.9064,18943.64204545437,3.1445017182130583,5.7272,593.5,593.5,500,582,6.118890047073364,3.0459749698638916,Intel Core i9-14900HX
nmf,decomposition,256,1,fp32,2335,5.000464200000351,12.273936170212766,0.6525819718382598,26.234838709677422,9.284364890804234,13.960902539464657,131.18637176052536,69.81099334828701,0.02989764169091521,61.72258064516129,68.0,52.0,2075.206451612903,2141.52642398302,2.9430851063829784,4.405806451612903,593.5,593.5,310,564,6.085577726364136,3.062455177307129,Intel Core i9-14900HX
nmf,decomposition,1024,1,fp32,681,5.000248399999691,12.546045694200354,1.5389915231349092,27.46006600660066,11.576006082726733,14.914020312400305,137.30715111339086,74.57380620464252,0.10950632335483483,66.68316831683168,77.0,54.0,2902.394059405941,7342.508663729355,3.628822495606327,7.525742574257427,593.5,554.4042904290428,303,569,6.078776597976685,3.0629398822784424,Intel Core i9-14900HX
nmf,decomposition,4096,1,fp32,515,10.005095200000142,12.130535714285713,1.1211345013659426,45.64338118022329,15.707225657318252,33.51284546593757,456.6663739580288,335.29920930959855,0.6510664258438806,76.41467304625199,87.0,54.0,2235.2373205741624,19427.369320388625,3.1558928571428573,6.3545454545454545,593.5,593.5,627,560,7.097017526626587,3.024578094482422,Intel Core i9-14900HX
nmf,decomposition,16384,1,fp32,152,10.021310899999662,12.416550522648084,1.1410405194206106,47.38041733547352,14.953709262006024,34.96386681282543,474.8138926905137,350.3837795975039,2.3051564447204207,79.19903691813805,87.0,55.0,2321.3460674157304,65929.67697368198,3.1365853658536578,6.8091492776886025,593.5,593.5,623,574,8.106694459915161,3.023301124572754,Intel Core i9-14900HX
jpeg_q50,compression,256,1,fp32,397971,5.0000118000007205,12.13303886925795,0.9737474269504972,28.487234042553197,15.186957128324437,16.354195173295246,142.4365063621482,81.77116884599106,0.00020547016955002012,67.57446808510639,89.0,53.0,1963.2765957446816,12.563759168383426,3.2899293286219082,4.019148936170214,593.5,593.5,47,566,11.13184404373169,3.0585196018218994,Intel Core i9-14900HX
jpeg_q50,compression,1024,1,fp32,104344,5.000019400000383,20.06858054226475,8.596324558308307,29.92954545454545,13.607978601231347,9.8609649122807,149.64830790592055,49.305015864126574,0.00047252372790123606,78.5909090909091,96.0,53.0,2731.3363636363642,47.918609599022304,8.104146730462519,7.286363636363634,593.5,593.5,44,627,7.05303430557251,3.0157835483551025,Intel Core i9-14900HX
jpeg_q50,compression,4096,1,fp32,26516,5.000156199999765,11.775746924428823,0.9809300378295082,28.58636363636364,12.012826306401362,16.810616711934816,142.93628337181147,84.05570937800053,0.003169999599411696,69.29545454545455,77.0,50.0,1859.1681818181817,188.5712852617199,3.0407732864674863,3.811363636363636,593.5,593.5,44,569,21.29530954360962,3.045321464538574,Intel Core i9-14900HX
jpeg_q50,compression,16384,1,fp32,6651,5.000096900000244,11.6672131147541,0.9244600019478447,30.725531914893626,11.535965371718662,19.058318800139524,153.63063687851817,95.29344075179401,0.014327686175281011,63.255319148936174,80.0,49.0,2022.0765957446813,751.781220869079,3.4213114754098357,4.563829787234042,593.5,593.5,47,549,7.1051025390625,3.077845811843872,Intel Core i9-14900HX
mdct_audio,compression,1024,1,fp32,39455,5.000092299999778,11.522382671480143,0.5430267740998166,40.90895061728396,18.586551294477758,29.38656794580382,204.5485289825527,146.93555210923398,0.0037241300750027622,62.333333333333336,69.0,49.0,2173.9407407407407,126.72898998858899,2.763357400722022,9.201234567901235,593.5,593.5,324,554,6.083353519439697,3.0599353313446045,Intel Core i9-14900HX
mdct_audio,compression,4096,1,fp32,5644,5.000423200000114,11.697530864197532,0.977792697586275,37.255806451612905,20.489457914741386,25.558275587415373,186.29479891535908,127.80219419930837,0.022643904004129762,64.07096774193549,71.0,48.0,2384.2180645161293,885.9715095677027,3.076190476190477,5.523870967741936,593.5,593.5,310,567,7.098077774047852,3.037548065185547,Intel Core i9-14900HX
mdct_audio,compression,16384,1,fp32,1265,5.002686300000278,11.708525754884546,0.7069297642695636,38.76608695652174,18.154970031977573,27.057561201637192,193.93457212201076,135.36049073484944,0.10700434050185727,67.02608695652174,72.0,50.0,2376.6278260869562,3954.6927272729467,2.988277087033748,5.9556521739130455,593.5,593.5,345,563,7.1258225440979,3.0795140266418457,Intel Core i9-14900HX
cnn_denoiser,ml_enhanced,256,1,fp32,15327,5.0001092000002245,13.408596491228073,2.8104029420760637,38.96877470355731,18.049418691454836,25.560178212329234,194.84812890799293,127.8036822331127,0.008338466903706708,60.34782608695652,66.0,51.0,2870.4924901185773,326.2288249494503,3.2585964912280705,10.225296442687744,478.15736842105264,593.5,253,570,9.11898398399353,3.046186923980713,Intel Core i9-14900HX
cnn_denoiser,ml_enhanced,1024,1,fp32,6295,5.0003700999996,12.216460176991152,0.7839280718697703,34.269411764705886,18.18537242517223,22.052951587714734,171.35974193280984,110.27291973594745,0.017517540863534145,61.423529411764704,67.0,53.0,3058.7694117647065,794.3399682286894,3.142123893805309,8.530588235294116,593.5,593.5,255,565,10.139984130859375,3.0493032932281494,Intel Core i9-14900HX
cnn_denoiser,ml_enhanced,4096,1,fp32,3030,5.000268799999503,12.056936936936937,0.7593747935664782,31.332046332046335,15.390866771641205,19.275109395109396,156.66865371427016,96.3807281249428,0.03180882116334746,63.77992277992278,69.0,53.0,2689.0864864864866,1650.2537293727733,3.1279279279279275,7.513513513513513,593.5,593.5,259,555,7.099039316177368,3.0456604957580566,Intel Core i9-14900HX
cnn_denoiser,ml_enhanced,16384,1,fp32,1045,5.003274500000771,14.214330218068534,0.6888386565040797,37.80279720279721,17.846885466293134,23.588466984728676,189.13777127345574,118.01957535880305,0.11293739268784982,65.63636363636364,73.0,55.0,3145.9909090909086,4787.822488039015,5.923208722741433,11.003846153846151,593.5,593.5,286,642,15.121691465377808,3.0448226928710938,Intel Core i9-14900HX
lstm_denoiser,ml_enhanced,256,1,fp32,210,5.016846999999871,15.813509316770183,1.063680815490432,48.97088122605364,20.387611622074797,33.157371909283455,245.6794185662772,166.34546179096867,0.7921212466236603,63.55172413793103,65.0,53.0,3105.4091954022992,23889.747619047004,8.985559006211181,26.342145593869738,593.5,593.5,261,644,13.083059549331665,3.02892804145813,Intel Core i9-14900HX
lstm_denoiser,ml_enhanced,1024,1,fp32,72,5.068150699999933,15.059161490683227,1.7194159538540879,40.24978723404254,18.43944978749011,25.190625743359316,203.99198734506106,127.66988749464285,1.7731928818700395,59.92340425531915,62.0,53.0,3288.92170212766,70390.98194444351,7.73586956521739,14.268085106382983,593.5,593.5,235,644,10.070618391036987,3.0361571311950684,Intel Core i9-14900HX
lstm_denoiser,ml_enhanced,4096,1,fp32,17,5.044456900000114,15.293874172185431,2.541622824140878,41.544255319148945,19.864659064897122,26.250381146963512,209.56820540004733,132.418916304433,7.789348017907823,58.242553191489364,61.0,52.0,3439.3174468085094,296732.7588235361,9.391390728476821,16.36212765957447,593.5,593.5,235,604,7.062433958053589,3.0323822498321533,Intel Core i9-14900HX
lstm_denoiser,ml_enhanced,16384,1,fp32,5,5.73594409999987,16.02893481717011,0.7887054317502473,43.21320754716981,15.44933335236171,27.184272729999698,247.8685428722585,155.92746877842913,31.185493755685826,60.056603773584904,62.0,54.0,3610.383396226415,1147188.819999974,9.128298887122416,14.261132075471698,593.5,593.5,265,629,7.044027805328369,4.026095867156982,Intel Core i9-14900HX
transformer_denoiser,ml_enhanced,256,1,fp32,1740,5.00141320000057,13.765137614678899,1.0807214840171953,35.26862745098039,17.62232864134477,21.50348983630149,176.39297887923578,107.54783791335637,0.061809102249055385,58.10980392156863,60.0,53.0,3165.861176470589,2874.375402299178,6.70611620795107,13.049803921568627,593.5,593.5,255,654,7.062167406082153,3.027179479598999,Intel Core i9-14900HX
transformer_denoiser,ml_enhanced,1024,1,fp32,858,5.000702600000295,14.848673946957879,0.9208296578325524,53.32283737024221,27.433511272497686,38.47416342328433,266.6516514767631,192.3978490636542,0.2242399173236063,63.930795847750865,70.0,52.0,3372.992387543253,5828.324708625053,8.858346333853353,21.47474048442907,593.5,593.5,289,641,11.067622900009155,3.0556411743164062,Intel Core i9-14900HX
transformer_denoiser,ml_enhanced,4096,1,fp32,175,10.018396700000267,16.705514157973177,3.5072566029179595,88.56967741935483,35.57662040232012,71.86416326138166,887.3261639781526,719.9636960661064,4.114078263234894,71.98064516129033,84.0,53.0,3638.4645161290323,57247.98114285867,8.849478390461996,47.99913978494623,470.8029806259314,593.5,465,671,10.08492398262024,3.0457284450531006,Intel Core i9-14900HX
transformer_denoiser,ml_enhanced,16384,1,fp32,6,10.43456310000056,13.389776357827476,0.8157344136974046,72.3792857142857,26.59818064784714,58.98950935645823,755.2462239186832,615.5297576180368,102.58829293633947,68.675,78.0,52.0,3492.5250000000005,1739093.8500000932,5.724920127795527,42.169642857142854,593.5,593.5,560,626,21.167530059814453,3.030672788619995,Intel Core i9-14900HX
